title,date
I chose my Caesarean date to be eligible for earlier childcare funding,2025-09-01 10:07:29.000000
Jewellery boss in £170m scam told shop staff to pretend to be customers,2025-09-01 05:00:05.000000
Putin says he reached 'understandings' with Trump over end of Ukraine war,2025-09-01 08:32:33.000000
House price growth slows as calls for property tax reform mount,2025-09-01 09:29:59.000000
Liverpool agree British record £125m fee for Isak,2025-09-01 00:04:11.000000
UK to tighten family member rules for asylum cases,2025-09-01 07:35:32.000000
"Camilla fought off attacker with shoe as teenager, book says",2025-09-01 08:42:42.000000
China's navy is expanding at breakneck speed - and catching up with the US,2025-08-31 22:09:28.000000
New storm names chosen by the public - which ones are on the list?,2025-08-31 23:07:30.000000
How sheer luck made this tiny Caribbean island millions from its web address,2025-09-01 01:42:59.000000
Gene tests begin in women's athletics - but how will it work?,2025-08-31 23:01:13.000000
Canada's first lunar rover looks to future space exploration,2025-08-31 23:35:37.000000
Trump has sent a 'great friend' to India. Some see him as a 'slap in the face',2025-08-31 22:42:38.000000
The Papers: 'Camilla saw off attacker with shoe' and 'Farage scare tactics',2025-09-01 04:09:06.000000
Play now,2025-09-01 06:58:57.000000
Peak rail fares scrapped on ScotRail trains,2025-09-01 09:15:49.000000
"British woman stabbed to death in Cambodia, police say",2025-09-01 00:49:18.000000
"Fugitive wanted over Australia police killings being helped, police say",2025-09-01 06:11:59.000000
"Hamas spokesman Abu Obeida killed in Gaza, Israel says",2025-08-31 20:32:56.000000
UK secures £10bn deal to supply Norway with warships,2025-08-31 16:56:04.000000
BBC News app,2025-04-30 14:04:28.000000
Taylor & Travis: Their Love Story,2025-08-29 12:30:00.000000
The Newscast Guide to the New Parliamentary Term,2025-08-29 13:05:00.000000
"Will the Democrats go ""dark woke"" to take on Trump?",2025-08-28 19:01:00.000000
Critically acclaimed one-off drama written by Jimmy McGovern,2025-07-24 05:00:00.000000
Christopher Nolan's mind-bending espionage drama,2025-08-16 00:02:11.000000
Liverpool agree British record £125m fee for Isak,2025-09-01 00:04:11.000000
Newcastle agree £55m deal for Brentford's Wissa,2025-09-01 10:12:58.000000
York thrillers and underdog moments - World Cup talking points,2025-09-01 06:30:27.000000
'Absolutely perfect' - why Raya couldn't stop Szoboszlai stunner,2025-08-31 22:06:33.000000
How will Liverpool fit Ekitike and Isak in the same team?,2025-09-01 07:55:03.000000
Djokovic storms into last eight despite injury worries,2025-09-01 05:02:17.000000
Sixty-nine people drown as migrant boat capsizes off coast of Mauritania,2025-08-29 17:31:50.000000
Rwanda accepts seven people from US as part of deportation deal,2025-08-28 11:58:49.000000
"Malawi set to run out of TB drugs in a month after US, UK and others cut aid",2025-08-28 06:00:25.000000
Attempt to partner African countries with Japanese cities triggers xenophobic backlash,2025-08-27 05:01:42.000000
Botswana’s president declares health emergency over supply shortages,2025-08-26 15:57:33.000000
‘I’m holding his political wake’: the trumpeter waiting to mark Bolsonaro’s judgment day,2025-08-31 12:00:32.000000
Eight people kidnapped from Haitian orphanage released after three weeks,2025-08-30 23:43:37.000000
"Court blocks Trump bid to end protections for 600,000 Venezuelans",2025-08-30 00:44:50.000000
Civil rights groups alarmed over Quebec’s move to ban prayer in public,2025-08-29 16:56:37.000000
Beach returned to First Nation after 170 years following Canada legal battle,2025-08-28 18:29:13.000000
Xi Jinping criticises ‘bullying behaviour’ and Putin blames west for Ukraine war at Shanghai summit,2025-09-01 06:00:02.000000
Indonesia protests: president scraps lawmakers’ perks in bid to calm tensions,2025-09-01 05:12:56.000000
"Putin, Modi and Erdoğan among leaders in China for talks with Xi",2025-08-31 15:18:31.000000
Fire kills three people in Indonesia after protesters torch council buildings,2025-08-30 13:15:58.000000
Putin embarks on China visit with Ukraine war top of agenda,2025-08-30 04:00:52.000000
"Two skydivers snagged on newly added plane step before falling to their deaths, NSW court hears",2025-09-01 09:27:57.000000
"‘Nothing secret’ about the $400m Nauru deportation plan, says Anthony Albanese",2025-09-01 09:22:23.000000
PM says neo-Nazi giving speech from Victoria’s parliament steps ‘isn’t the Australian way’ – as it happened,2025-09-01 08:13:19.000000
Elon Musk shares post on X with incorrect attendance figures for Australia’s anti-immigration protests,2025-09-01 08:11:22.000000
Queensland showdown looms over pill-testing clinic’s plan to reopen with private funds,2025-09-01 07:23:58.000000
Zelenskyy says Ukraine will ‘remind everyone’ as Trump’s semi-deadline of end to war expires – Europe live,2025-09-01 10:02:03.000000
Weather tracker: deep trough over Europe brings severe storms,2025-09-01 09:43:11.000000
Lyon mayor condemns ‘Free Gaza’ defacement of Holocaust memorial,2025-08-31 15:02:23.000000
Vladimir Putin meets Xi Jinping arrives in China for security summit – Ukraine war live,2025-08-31 14:47:58.000000
Family of French woman killed by ex-partner to go to court to find out why she was not protected,2025-08-31 12:46:47.000000
Houthis detain at least 11 UN workers in raids on two agencies in Sana’a,2025-08-31 19:47:54.000000
"UK still intends to recognise a Palestinian state, David Lammy to tell MPs",2025-08-31 17:10:22.000000
"Israeli airstrikes and gunfire have killed 30 around Gaza City, local officials say",2025-08-31 16:08:32.000000
"Israeli airstrike kills Houthi prime minister in Yemen, rebels say",2025-08-31 01:56:37.000000
"Seven Israeli soldiers wounded in explosion in Gaza City, IDF says",2025-08-30 14:57:54.000000
"Afghanistan earthquake live: more than 800 dead after shallow quake strikes country’s east, state media reports",2025-09-01 10:02:12.000000
Magnitude 6 earthquake in eastern Afghanistan leaves at least 800 dead,2025-09-01 08:57:11.000000
Taliban launch crackdown on Afghanistan’s secret beauty salons,2025-08-30 13:00:01.000000
India’s Modi to meet Xi and Putin on first China trip in seven years as US tariffs bite,2025-08-29 01:31:38.000000
"How hard will Trump’s 50% tariff hit India, and what is Delhi doing about it?",2025-08-27 17:57:58.000000
"Women and children to lose out most from Home Office plan to tighten rules on refugee family reunions, experts say – UK politics live",2025-09-01 10:07:12.000000
"Science research gets more engagement on Bluesky than X, study finds",2025-09-01 09:54:23.000000
Royal Mail returns to profit as takeover brings ‘year of change’,2025-09-01 09:28:05.000000
Keir Starmer shakes up No 10 operation with mini-reshuffle,2025-09-01 08:19:12.000000
UK house prices in surprise fall amid high mortgage costs,2025-09-01 07:21:45.000000
Donald Trump says he is not a dictator. Isn’t he?,2025-09-01 10:00:34.000000
US reportedly suspends visa approvals for nearly all Palestinian passport holders,2025-08-31 23:28:34.000000
Rudy Giuliani hospitalized after car accident in New Hampshire,2025-08-31 21:04:40.000000
Judge orders US to halt deportation of hundreds of Guatemalan children,2025-08-31 19:48:29.000000
JB Pritzker calls for ‘all to stand up’ to Trump’s immigration crackdown in Chicago,2025-08-31 19:21:25.000000
Japan and South Korea record hottest summers in history,2025-09-01 09:34:03.000000
Isak signs with Liverpool from Newcastle for record British fee: Report,2025-09-01 09:13:30.000000
Timeline of Afghanistan’s deadliest earthquakes since 2015,2025-09-01 08:57:20.000000
The names of Palestinian journalists killed by Israel in Gaza,2025-09-01 08:14:46.000000
Putin blames West for Ukraine war at China-led SCO summit,2025-09-01 07:37:46.000000
Families search for loved ones after overnight strikes in Gaza,2025-09-01 07:29:13.000000
Ukraine arrests suspect in former parliamentary speaker’s murder,2025-09-01 07:19:19.000000
Hundreds feared dead after earthquake in Afghanistan,2025-09-01 07:15:20.000000
US Open: Novak Djokovic sets new record to reach quarterfinals,2025-09-01 06:54:40.000000
Israel Murders Journalists,2025-09-01 06:00:45.000000
Barcelona draw with Rayo Vallecano in La Liga after VAR outage,2025-09-01 05:56:51.000000
"Suarez, Messi, Inter Miami lose to Seattle Sounders in Leagues Cup final",2025-09-01 05:28:14.000000
"Afghanistan earthquake live: More than 800 people killed, 2,500 injured",2025-09-01 05:18:26.000000
China’s Xi urges regional leaders to oppose ‘Cold War mentality’ at summit,2025-09-01 04:37:34.000000
At least 600 killed as powerful earthquake rocks eastern Afghanistan,2025-09-01 03:07:14.000000
North Korea’s Kim Jong Un inspects new missile production line,2025-09-01 02:19:13.000000
Clashes in Australia’s Melbourne as thousands rally against immigration,2025-09-01 02:14:49.000000
Indonesian groups delay protests in Jakarta as police tighten security,2025-09-01 01:33:14.000000
Car crashes into Russian consulate in Australia’s Sydney,2025-09-01 00:58:22.000000
"Russia-Ukraine war: List of key events, day 1,285",2025-09-01 00:19:27.000000
Former Trump personal lawyer Rudy Giuliani injured in car crash,2025-08-31 22:29:11.000000
"Israeli raids in major occupied West Bank cities lead to arrests, injuries",2025-08-31 22:00:43.000000
"‘Fields of rubble’: Israel, destroying Gaza City, kills 78 across enclave",2025-08-31 20:31:24.000000
US judge blocks government from deporting unaccompanied Guatemalan minors,2025-08-31 19:44:05.000000
Liverpool’s Szoboszlai downs Arsenal while Man City stumble again,2025-08-31 18:07:44.000000
Morning news brief,2025-09-01 08:59:36.000000
China's Xi hosts Putin and Modi at Shanghai Cooperation Organization summit,2025-09-01 08:57:10.000000
How Trump's high tariffs on Indian goods may impact the country's geopolitics,2025-09-01 08:56:53.000000
"Earthquake devastates eastern Afghanistan, killing hundreds and destroying villages",2025-09-01 06:52:38.000000
Guatemala says it suggested that U.S. send its unaccompanied migrant children home,2025-09-01 01:20:53.000000
Israeli takeover of Gaza City is under way,2025-08-31 21:11:27.000000
"Iran-backed Houthis raid UN food and children's agencies in Yemen, detain employee",2025-08-31 16:21:10.000000
China's Xi and India's Modi vow to resolve border differences at meeting in Tianjin,2025-08-31 08:14:49.000000
The World Food Programme's chief Cindy McCain calls for a surge in food aid to Gaza,2025-08-30 21:16:33.000000
Migrants report brutal treatment by EU funded security forces,2025-08-30 21:16:32.000000
Meet the world’s hottest upstart weapons dealers,2025-08-31 15:12:56.000000
Donald Trump is waging war on woke AI,2025-08-28 12:57:25.000000
The wrong way to end a war,2025-08-26 18:18:44.000000
A burning threat to pregnant women,2025-08-21 13:04:05.000000
Was globalisation ever a meritocracy?,2025-08-19 18:24:08.000000
The end of the second world war,2025-08-14 13:05:09.000000
America’s new plan to fight a war with China,2025-08-14 13:05:09.000000
The War Room newsletter: Seven of the best books on the Pacific war,2025-08-11 16:15:20.000000
How to write laws of war for a wicked world,2025-08-05 20:44:48.000000
Why the laws of war are widely ignored,2025-08-05 20:30:47.000000
The War Room newsletter: How receiving aid became fatal in Gaza,2025-08-04 17:43:16.000000
Could AI tilt the outcome of elections?,2025-07-31 13:02:38.000000
How spy agencies are experimenting with the newest AI models,2025-07-29 17:20:50.000000
Can China save South Africa from Donald Trump?,2025-07-29 11:17:10.000000
Look inside The Economist’s summer issue for 2025,2025-07-28 17:24:58.000000
The world court joins the fight over climate change,2025-07-24 14:44:29.000000
Rethinking the war on AIDS,2025-07-24 12:59:53.000000
The surprising lessons of a secret cold-war nuclear programme,2025-07-22 20:51:43.000000
The War Room newsletter: Three new books on espionage,2025-07-21 16:23:54.000000
The rise and rise of women’s sport,2025-07-17 12:48:23.000000
Cynical realism won’t save India from Donald Trump,2025-07-15 20:16:10.000000
"Gianni Infantino, FIFA’s strongman-loving boss",2025-07-11 17:35:14.000000
Putin’s war in Ukraine may cost him control of the south Caucasus,2025-07-10 12:54:40.000000
The 19th century is a terrible guide to modern statecraft,2025-07-08 19:09:01.000000
Putin’s radioactive chokehold on the world,2025-07-03 12:58:43.000000
How South Africa could harness Donald Trump’s wrath,2025-07-01 21:07:03.000000
The War Room newsletter: The daddy of all summits,2025-06-30 17:12:18.000000
Sex work in the gig economy,2025-06-26 12:43:33.000000
Feckless Europe accepts Trump’s Lone Ranger diplomacy,2025-06-24 17:37:41.000000
Can men and women be just friends?,2025-06-19 12:57:40.000000
"In Trumpworld, toppling rulers is taboo",2025-06-17 12:26:17.000000
The War Room newsletter: Why Israel attacked Iran—and what comes next,2025-06-13 15:41:07.000000
The West has stopped losing its religion,2025-06-12 13:00:23.000000
Taiwan thinks the unthinkable: resisting China without America,2025-06-10 19:08:48.000000
The War Room newsletter: Britain’s defence goals are admirably absurd,2025-06-09 16:10:34.000000
"To earn American help, allies are told to elect nationalists",2025-06-03 21:00:16.000000
Vladimir Putin’s sickening statistic: 1m Russian casualties in Ukraine,2025-06-02 18:51:16.000000
The War Room newsletter: How Ukraine humbled Putin (again),2025-06-02 15:16:10.000000
The Uber of the underworld,2025-05-29 12:48:24.000000
The War Room newsletter: Explore our “Archive 1945” project,2025-05-29 09:04:06.000000
Donald Trump steals Xi Jinping’s favourite foreign policy,2025-05-27 18:33:51.000000
Can China jam your GPS?,2025-05-22 12:47:13.000000
Star wars returns,2025-05-21 17:55:03.000000
"How to fight the next pandemic, without America",2025-05-20 19:34:44.000000
The War Room newsletter: Shadow games in the Baltic,2025-05-19 15:52:08.000000
Fact-checkers forecast which dodgy claims will do most damage,2025-05-15 12:59:07.000000
China and Russia are deploying powerful new weapons: ideas,2025-05-15 11:15:12.000000
Why Donald Trump is a globalist,2025-05-13 18:50:52.000000
The War Room newsletter: Six must-read books on the second world war,2025-05-05 16:14:31.000000
The UN could run out of cash within months,2025-05-01 12:59:11.000000
Bolsonaro Takes Stand in Coup Trial,2025-06-13 23:31:37.000000
Analysis: NYT’s bizarre coverage and omissions of Bolsonaro’s murderous coup plot,2024-12-11 11:57:00.000000
Nathália Urban Presente!,2024-09-27 20:45:59.000000
Inside Brazil’s X Ban: How Elon Musk Started–and lost–a Fight With Brazil’s Judiciary,2024-09-05 21:54:18.000000
"Minister warns of “industrial-scale” organized disinformation campaign, hindering disaster efforts",2024-05-15 13:41:27.000000
Local Government’s responsibility for Porto Alegre flood catastrophe,2024-05-12 13:09:26.000000
US Congresswoman Takes Down Fantasist Republican Committee Hearing on Brazilian Democracy,2024-05-09 12:19:14.000000
Greenwald accused of thinking he is “civilizing the natives”,2024-04-23 14:29:08.000000
Brazilian lawyer exposes deceit at heart of “Twitter Files”,2024-04-18 12:17:20.000000
Elon Musk Leads Far Right Propaganda Blitz On Brazil’s Democracy,2024-04-10 20:50:54.000000
Brazil’s Economy Loses Steam in Q2 2025 as Farm Surge Fades and High Rates Bite,2025-09-01 09:45:52.000000
Israel Signals Annexation of West Bank in Direct Reply to International Recognition of Palestine,2025-09-01 09:27:17.000000
A Shooting on a São Paulo Beach Shows the Fragile Balance Between Tourism and Security in Brazil,2025-09-01 09:20:55.000000
Europe Plans Troop Deployment Framework for Ukraine with U.S. Support,2025-09-01 09:12:04.000000
"Brazil’s Financial Morning Call for September 1, 2025",2025-09-01 08:58:45.000000
Iron Ore Plunges on China Steel Inventory Surge,2025-09-01 08:08:00.000000
Silver Breaks 14-Year High as Fed Rate Cut Bets Drive Precious Metal Surge,2025-09-01 07:58:34.000000
Copper Holds Gains as Global Liquidity Expands Despite Inventory Surge,2025-09-01 07:37:41.000000
"Gold Surges Toward $3,500 as Macro Tension and Liquidity Drive Markets",2025-09-01 07:30:01.000000
Oil Markets Retreat on Weak Demand and Technical Pressure,2025-09-01 07:23:02.000000
Ethiopia tightens grip on media ahead of 2026 vote,2025-09-01 10:19:37.414283
"'Serious danger' if Trump interferes in Fed, says ECB chief",2025-09-01 10:19:37.414289
Germany’s road to the 2026 World Cup starts now,2025-09-01 10:19:37.414292
Ukraine updates: EU drafting 'precise' plans to send troops,2025-09-01 10:19:37.414295
Afghanistan: Hundreds killed after strong earthquake,2025-09-01 10:19:37.414298
Car plows into Russian consulate gate in Sydney,2025-09-01 10:19:37.414302
Flotilla with Greta Thunberg on board sets sail for Gaza,2025-09-01 10:19:37.414305
Rudy Giuliani seriously injured in car accident,2025-09-01 10:19:37.414307
US: Trump sending more ICE resources to Chicago,2025-09-01 10:19:37.414311
What now? EU brainstorms new ways to back Ukraine,2025-09-01 10:19:37.414314
"En route to Germany, Afghans face deportation in Pakistan",2025-09-01 10:19:37.414316
Germany updates: Merkel's 'Wir schaffen das!' 10 years on,2025-09-01 10:19:37.414319
Israel says Hamas spokesman killed in Gaza airstrike,2025-09-01 10:19:37.414322
SCO summit: China's Xi condemns geopolitical 'bullying',2025-09-01 10:19:37.414325
EuroBasket: Germany's Schröder decries racial abuse,2025-09-01 10:19:37.414328
Indonesia: President calls protests 'treason and terrorism',2025-09-01 10:19:37.414331
SCO summit: World leaders gather in China's Tianjin,2025-09-01 10:19:37.414334
Hundreds at Voice of America and parent agency to lose jobs,2025-09-01 10:19:37.414337
Germany: Ireland voices concern over Berlin police violence,2025-09-01 10:19:37.414340
How much screen time is safe for children?,2025-09-01 10:19:37.414343
'Currydurst': Beer and curry ketchup in a glass,2025-09-01 10:19:37.414345
Taking the 'red pill': From meme to political ideology,2025-09-01 10:19:37.414348
Germany's Merz faces trouble over 'autumn of reform',2025-09-01 10:19:37.414351
MLS star Müller settling in to 'village' life in Vancouver,2025-09-01 10:19:37.414354
Conscription in Europe: The current state of play,2025-09-01 10:19:37.414357
Will young Ukrainians return with borders open again?,2025-09-01 10:19:37.414360
Russia launches 'massive attack' on Ukraine's Dnipropetrovsk region,2025-09-01 10:19:37.414363
Franco-German relations: Can Macron and Merz hit it off?,2025-09-01 10:19:37.414366
Nick Woltemade: Who is Germany's new Premier League star?,2025-09-01 10:19:37.414369
What's fueling recent tension between Ukraine and Hungary?,2025-09-01 10:19:37.414372
Sexual harassment: German jogger fights back against voyeur,2025-09-01 10:19:37.414388
Dissident Belarusian sports official thought to be in Russia,2025-09-01 10:19:37.414391
Will BRICS boom under Trump's watch?,2025-09-01 10:19:37.414395
EU supports military training in Ukraine,2025-09-01 10:19:37.414398
"Merz, Macron want more security cooperation",2025-09-01 10:19:37.414400
Merz and Macron to focus on new European fighter jet,2025-09-01 10:19:37.414403
India vs. US: Who stands to lose most in the trade dispute?,2025-09-01 10:19:37.414406
Fact check: Footage of Jerusalem from 1897 sparks online debate,2025-09-01 10:19:37.414409
Germany's Pistorius: New Rheinmetall arms plant sends signal,2025-09-01 10:19:37.414412
'I didn't want to leave': Fleeing Russia's advance in Donbas,2025-09-01 10:19:37.414415
Hurricane Katrina left lasting legacy for youngest survivors,2025-09-01 10:19:37.414418
Swift's love story spotlights parasocial relationships,2025-09-01 10:19:37.414421
"NATO members all hit 2% target, but only 3 meet new goal",2025-09-01 10:19:37.414424
German government passes military service bill,2025-09-01 10:19:37.414427
Pygmy hippo Toni says bonjour to France after Berlin exit,2025-09-01 10:19:37.414430
"'Door to the EU is open,' Merz tells Moldova",2025-09-01 10:19:37.414433
Germany: Rheinmetall opens new artillery ammunition factory,2025-09-01 10:19:37.414435
Polish president vetoes extension of welfare for Ukrainians,2025-09-01 10:19:37.414438
Germany to boost military with new voluntary service bill,2025-09-01 10:19:37.414441
Neo-Nazi's trans identity sparks debate over German law,2025-09-01 10:19:37.414444
UN – International Day of the Victims of Enforced Disappearances (29.08.25),2025-08-29 19:00:26.000000
Lebanon – Renewal of UNIFIL mandate (29.08.25),2025-08-29 18:59:05.000000
Peru – Meeting between Jean-Noël Barrot and his counterpart (28.08.25),2025-08-28 16:55:53.000000
"Ukraine – Massive airstrikes on Kyiv (August 28, 2025)",2025-08-28 16:55:45.000000
"Joint statement by the foreign ministers of France, Germany and the United Kingdom on the initiation of the snapback process (28 August 2025)",2025-08-28 16:12:19.000000
La fabrique de la diplomatie [the diplomacy factory] (5-6 september 2025) - Joint communique issued by the ministry for Europe and Foreign Affairs and Sorbonne nouvelle university,2025-08-26 16:47:35.000000
United States – Ambassador's allegations of anti-Semitism in France (25 August 2025),2025-08-25 09:57:40.000000
Syria – Commemoration of the 12th anniversary of the chemical attacks against the people of the Ghouta district (22.08.25),2025-08-22 17:03:38.000000
Columbia – Attacks in Cali and the Antioquia region (22.08.25),2025-08-22 16:57:56.000000
Joint Statement of Foreign Ministers on E1 plans (21 August 2025),2025-08-21 18:14:58.000000
Pakistan’s Punjab hit by worst floods in history,2025-09-01 10:01:32.000000
Papers go dark to protest killing of journalists in Gaza,2025-09-01 09:59:51.000000
Gaza reconstruction plan faces backlash over relocation clause,2025-09-01 09:59:23.000000
"Open letter: With the deaths of journalists in Gaza, press freedom is also being assassinated",2025-09-01 09:33:18.000000
Germany's lithium boom sparks backlash from locals in mining areas,2025-09-01 09:24:16.000000
US children return to school under threat of gun violence,2025-09-01 09:10:26.000000
Asian leaders attend China'a SCO summit,2025-09-01 09:07:23.000000
"Senior Hamas figure Abu Obeida killed in Gaza, says Israel",2025-09-01 09:06:05.000000
"Iran-backed Houthis raid UN offices in Yemen, detain 11 employees",2025-09-01 09:04:35.000000
Beijing to host massive military parade,2025-09-01 08:58:23.000000
UK has a 'number of security concerns' associated with China's prospective mega-embassy in London,2025-09-01 06:51:27.000000
Rescuers try to reach quake-hit areas in eastern Afghanistan,2025-09-01 06:48:28.000000
"Afghanistan: More than 600 killed in earthquake, Taliban interior ministry says",2025-09-01 06:29:04.000000
"Earthquake in eastern Afghanistan kills hundreds, destroys villages",2025-09-01 06:18:35.000000
Lyon snatch last-gasp home victory over 10-man Marseille,2025-09-01 05:54:21.000000
"Suspect arrested in fatal shooting of Ukrainian politician, Zelensky says",2025-09-01 05:36:56.000000
"Xi slams 'bullying', Putin defends Ukraine invasion at China’s SCO summit",2025-09-01 00:33:10.000000
French PM Bayrou tries to shore up support for budget plan ahead of confidence vote,2025-08-31 20:39:07.000000
"Houthi rebels detain at least 11 UN personnel, envoy to Yemen says",2025-08-31 19:33:11.000000
French PM says 'fate of France' is at stake in Sept 8 confidence vote,2025-08-31 19:09:14.000000
"At least seven killed, 71 wounded as Sudan's RSF paramilitaries shell besieged city",2025-08-31 16:12:10.000000
'Greenland is not for sale': French foreign minister visits Arctic territory in show of solidarity,2025-08-31 15:47:31.000000
Cuba: Vintage cars reborn in Havana,2025-08-31 15:37:19.000000
Is climate change making hurricanes stronger?,2025-08-31 15:17:53.000000
"Xi, Putin and Modi are grinning and smiling, but at whom?",2025-09-01 10:11:44.000000
China nurse leaves kids in dash to save life of epileptic man at railway station,2025-09-01 10:00:09.000000
Japan and South Korea face record heat as climate change bites,2025-09-01 09:40:57.000000
"India’s ‘dead economy’ growth hailed, but Trump’s tariffs pose risks",2025-09-01 09:40:53.000000
Chinese scientists’ discovery may pave the way for self-charging smartwatches,2025-09-01 09:06:04.000000
Chinese humanoid robot maker UBTech gets US$1 billion funding boost,2025-09-01 09:00:10.000000
Hong Kong retail recovery rolls on for third month as July sales rise 1.8%,2025-09-01 08:55:40.000000
"New World’s Cheng family weighs capital injection, sources say",2025-09-01 08:51:58.000000
Lagarde warns Trump’s Fed meddling poses ‘serious danger’ to world economy,2025-09-01 08:50:15.000000
Hedge funds boost options bets for yuan to strengthen past 7,2025-09-01 08:46:31.000000
"Hong Kong police inspector spared jail time for running red light, causing injury",2025-09-01 08:42:02.000000
Tesla sees exodus of South Korean retail investors as crypto’s allure rises,2025-09-01 08:39:47.000000
Why South Korea and Japan are turning against foreign homebuyers,2025-09-01 08:30:07.000000
"French influence in Vietnam declines as Chinese language, culture gain ground",2025-09-01 08:21:15.000000
"Hong Kong’s crop of green bonds, ESG funds flourishes",2025-09-01 08:00:07.000000
"South Korea’s Samsung, SK Hynix stocks sag after US revokes China chip permits",2025-09-01 07:59:45.000000
"Hong Kong, 2 mainland Chinese cities named UN body’s top innovation cluster",2025-09-01 07:17:48.000000
Could this small ancient shrimp be the next big thing in Xinjiang aquaculture?,2025-09-01 07:00:11.000000
Ballet inspired by Hong Kong kung fu legend Bruce Lee set for global spotlight,2025-09-01 06:58:32.000000
Yemen’s Houthis say they targeted tanker in Red Sea with missile,2025-09-01 06:47:23.000000
Indonesian protests escalate as students defy crackdowns,2025-09-01 06:41:13.000000
Hong Kong plans 360-strong delegation for Victory Day parade in Beijing,2025-09-01 06:33:55.000000
Tesla China cuts price of new Model 3 as moment of truth nears,2025-09-01 06:00:12.000000
China wife ‘depressed’ after window cleaners see her asleep naked; demands rent cut,2025-09-01 06:00:09.000000
6 takeaways from Shanghai Cooperation Organisation summit opening,2025-09-01 05:30:00.000000
"New Zealand opens doors to property market, but only to rich foreign buyers",2025-09-01 05:24:09.000000
How will China’s advanced drones and robobeasts share stage with PLA personnel?,2025-09-01 05:01:07.000000
"Hong Kong arrivals surge 12%, post-Covid high of 5 million visitors in August",2025-09-01 04:58:41.000000
Coup trial verdict for Bolsonaro threatens to fracture Brazil’s right,2025-09-01 04:54:06.000000
"Sayonara, soy fish: Australian state bans plastic containers in world first",2025-09-01 04:36:07.000000
Unfinished construction works at Hong Kong school trigger safety concerns,2025-09-01 04:32:57.000000
"Protests in Indonesia escalate, Xi calls for India-China reset: 5 weekend reads",2025-09-01 04:15:07.000000
Flood of anger: why Filipinos turn to social media to expose ‘nepo babies’,2025-09-01 03:56:59.000000
Death toll from earthquake in eastern Afghanistan passes 800,2025-09-01 03:19:58.000000
China’s Xi pushes SCO bank as Putin deflects Ukraine blame – as it happened,2025-09-01 02:21:20.000000
Eric Trump heads to Tokyo after Hong Kong for bitcoin firm meeting,2025-09-01 01:57:36.000000
Man arrested in Australia after crashing car into Russian consulate in Sydney,2025-09-01 01:31:04.000000
2 Hong Kong public hospital doctors arrested over patient data leak,2025-09-01 01:19:31.000000
Will China boost defence posture as Vietnam deepens footprint in Spratlys?,2025-09-01 01:02:01.000000
"SenseTime on fast track to profitability thanks to spin-offs, Beijing support",2025-09-01 01:00:13.000000
"China sellers use AI to clone dive queen Quan Hongchan, top athletes to push products",2025-09-01 01:00:08.000000
"170 Hong Kong schools to offer extra languages under HK$250,000 subsidy scheme",2025-09-01 00:30:08.000000
The Seoul shuffle: why foreigners are loving and leaving South Korea,2025-09-01 00:00:21.000000
"Why Chinese students are flocking to Southeast Asia for degrees, employment",2025-09-01 00:00:14.000000
"As China’s military closes gap on US, economic security becomes the new frontier",2025-09-01 00:00:09.000000
South Korean actress Go Min-si denies school bullying allegations,2025-08-31 23:42:24.000000
Suspect arrested in murder of former Ukraine speaker Parubiy,2025-08-31 22:59:19.000000
"Houthi rebels storm UN offices in Yemen, detain employees",2025-08-31 22:32:11.000000
The ‘godfather of AI’ Geoffrey Hinton on preventing takeover by the technology,2025-08-31 22:00:24.000000
Flotilla leaves Barcelona in biggest attempt yet to break blockade of Gaza,2025-08-31 21:46:01.000000
"Hong Kong swelters: Sheung Shui records 38°C, following record-breaking rain in August",2025-09-01 09:19:46.000000
Shenzhen-Hong Kong-Guangzhou now world’s top innovation hotspot: UN,2025-09-01 09:00:00.000000
Two Hong Kong doctors arrested over leaking patient information,2025-09-01 06:49:42.000000
Presidents Xi and Putin round on West at regional summit in China,2025-09-01 06:16:37.000000
Hong Kong man arrested over suspected HK$84K dine-and-dash date at Michelin-starred restaurant granted bail,2025-09-01 03:19:48.000000
"Hong Kong proposes two-device cap for motorists, including taxi drivers, in bid to improve road safety",2025-08-31 23:30:00.000000
China manufacturing shrinks in August despite new US trade truce,2025-08-31 12:35:47.000000
"China’s Xi hosts Putin, Modi and other Global South leaders at key summit",2025-08-31 12:25:12.000000
Explainer: What to know about Hong Kong gov’t’s water contract scandal,2025-08-31 01:00:00.000000
Hong Kong gov’t’s bottled water scandal and political accountability,2025-08-31 00:00:00.000000
Badminton federation smoothes feathers ruffled by shuttlecock shortage amid rising Chinese raw material prices,2025-08-30 05:08:19.000000
Labubu fans flock to Beijing store after launch of mini dolls,2025-08-30 04:48:33.000000
A legislative scandal – must we call this ‘Toiletgate’?,2025-08-30 01:00:00.000000
"HKFP Monitor August 30, 2025: Another journalist denied visa; gov’t consultations shrink",2025-08-30 00:00:00.000000
"Hong Kong records almost 340 etomidate users in first half of year, 3 times more than same period last year",2025-08-29 11:34:18.000000
US president’s son Eric Trump hypes bitcoin on Hong Kong leg of Asia trip,2025-08-29 10:58:11.000000
"Hong Kong ‘lawyer’ date leaves woman with HK$80,000 bill in suspected dine-and-dash",2025-08-29 10:27:24.000000
Hong Kong restaurant barred from hiring imported workers under gov’t scheme after firing locals,2025-08-29 10:08:57.000000
US senators arrive in Taiwan to reinforce ‘partnership’,2025-08-29 07:29:33.000000
Customs officer unconditionally released after fatal bike crash in January,2025-08-29 07:00:40.000000
"Hong Kong’s opposition Democratic Party to hold disbandment vote, sell office in December",2025-08-29 03:30:57.000000
Privacy watchdog conducts ‘compliance check’ on advertisement featuring video of MTR commuters,2025-08-29 02:00:00.000000
"Hong Kong man who died after receiving Sinovac Covid vaccine succumbed to natural causes, jury finds",2025-08-28 23:30:00.000000
"China to bolster non-Western alliances at summit, parade",2025-08-28 11:57:11.000000
"Hong Kong finance official, lawmaker withdraw from bitcoin event featuring Eric Trump as headline speaker",2025-08-28 09:41:52.000000
"Clockenflap 2025: Vaundy, Dave Clarke, Sparks, Ellegarden, Jeremy Zucker, L’Impératrice, RSD, Andr join line-up",2025-08-28 07:12:00.000000
MTR Corp files police report over suspected counterfeit bricks at station worksite,2025-08-28 06:58:34.000000
Hong Kong court to hand down Jimmy Lai’s national security case verdict ‘in good time’,2025-08-28 06:27:56.000000
North Korea leader Kim Jong Un to attend China’s World War II military parade next week,2025-08-28 06:27:14.000000
School says it was ‘never informed’ of US AI firm’s role in creation of student app amid academic integrity controversy,2025-08-28 04:43:55.000000
Higher ground: San Miguel de Allende’s most scenic spots (that aren’t rooftop bars),2025-08-31 08:01:33.000000
The fascinating history of charrería in Mexico,2025-08-31 06:29:26.000000
Nauka and Siari mark a new chapter in the rapid evolution of Riviera Nayarit,2025-08-31 06:19:08.000000
Taste of Mexico: Calabaza,2025-08-30 16:16:32.000000
"Mexico’s week in review: Trade talks with Brazil, tariffs on China and televised attacks",2025-08-30 15:03:17.000000
Do you have friends or family who are ‘Confidently Wrong’ about Mexico? A perspective from our CEO,2025-08-30 13:00:11.000000
MND Tutor | Quinceañera,2025-08-30 07:23:49.000000
Triumph and tragedy: The life of Baja California Sur’s greatest poet,2025-08-30 06:55:27.000000
Time to de-worm yourself? Maybe ask your doctor first.,2025-08-30 06:54:35.000000
The MND News Quiz of the Week: August 30th,2025-08-30 06:45:05.000000
Brawl erupts in Mexico’s senate after debate over US military intervention to fight drug cartels,2025-08-28 17:59:02.000000
Mexico: fight breaks out between senators during parliamentary session – video,2025-08-28 16:36:58.000000
Mexican drug lord ‘El Mayo’ pleads guilty to racketeering in New York,2025-08-25 17:44:40.000000
‘We get nothing’: residents fight back as Mexico builds big for 2026 World Cup,2025-08-25 11:00:02.000000
Embroidery honors Mexico femicide victims: ‘The next name might be yours’,2025-08-20 18:43:29.000000
Monkeys falling from trees and baking barnacles: how heat is driving animals to extinction,2025-08-20 04:00:30.000000
‘Historic’: how Mexico’s welfare policies helped 13.4 million people out of poverty,2025-08-18 11:00:32.000000
FBI returns stolen document signed by conquistador Hernán Cortés to Mexico,2025-08-14 16:04:07.000000
Sheinbaum’s expulsion of criminals is more about placating Trump than keeping Mexico safe,2025-08-14 11:00:43.000000
Mexico expels 26 cartel figures wanted by US officials in deal with White House,2025-08-12 22:36:55.000000
Sheinbaum’s rare agreement with Trump says more about Mexico City than DC,2025-08-12 19:47:20.000000
Sheinbaum rejects US ‘invasion’ after Trump orders military to target Mexico cartels,2025-08-09 04:40:17.000000
‘She stood up to men with machetes’: Sandra Domínguez fought against femicide in Mexico – then became a victim herself,2025-08-05 11:00:02.000000
‘People are scared to go out’: fear of Ice agents forces cancellation of US summer festivals,2025-08-04 11:12:48.000000
Ten lessons the Aztecs can teach us today |  Sebastian Purcell,2025-08-04 10:00:03.000000
Trump imposes sweeping new tariffs on dozens of countries in latest bid to reshape global trade,2025-08-01 01:37:26.000000
Sheinbaum demands return of Mexican citizens held at ‘Alligator Alcatraz’,2025-07-30 18:20:59.000000
Tariffs and judicial chaos shake investor confidence in Mexico: ‘Everything has been put on hold’,2025-07-30 11:00:01.000000
It is a potentially lethal chemical – but even Mexico’s cartels can’t resist the lure of mercury,2025-07-24 17:00:33.000000
"Advocates demand closure of ‘Alligator Alcatraz’, citing appalling conditions",2025-07-22 21:04:11.000000
Ukrainian Police Claim Russia Involved in Shooting of Former Parliament Speaker,2025-09-01 09:30:58.000000
Putin Says Alaska Talks With Trump Could ‘Open Path to Peace’ in Ukraine,2025-09-01 08:37:00.000000
Australian Police Arrest Man Who Crashed Car Into Russian Consulate,2025-09-01 07:35:12.000000
Putin to Meet Slovakian Prime Minister Fico in China,2025-08-31 14:42:00.000000
Putin in China for Summit Hosted by Xi Jinping,2025-08-31 13:29:00.000000
Russian Attacks in Southeastern Ukraine Kill at Least 1,2025-08-30 09:18:37.000000
Kremlin Confirms Putin Will Visit India in December,2025-08-29 15:26:00.000000
Prosecutors Seek to Nationalize Russia’s Oldest Music Publisher,2025-08-29 15:10:44.000000
Russian MFA Condemns Macron for Calling Putin an ‘Ogre’,2025-08-29 14:21:42.000000
Russia Reports First Imported Case of Chikungunya Fever,2025-08-29 13:21:14.000000
"Moscow Schools to Move Parent, Teacher Chats to Max App",2025-08-29 11:14:30.000000
"Russia Grinds Ahead in Donetsk, Testing Ukraine’s ‘Fortress Belt’",2025-08-29 10:43:00.000000
Pentagon Approves Possible $825M Sale of Cruise Missiles for Ukraine,2025-08-29 09:17:00.000000
Russian Composer Rodion Shchedrin Dies at 92,2025-08-29 08:04:08.000000
"Everything You Need to Know About Max, Russia’s State-Backed Answer to WhatsApp",2025-08-28 15:29:00.000000
Emergency Crews Battle Forest Fire Near ‘Putin’s Palace’ After Ukrainian Drone Attack,2025-08-28 14:40:34.000000
Kremlin Denies Report of Russian Drones Spying on U.S. Weapons Routes in Germany,2025-08-28 13:41:41.000000
FSB Seeks 24/7 Access to Yandex Smart Home System,2025-08-28 12:47:40.000000
Education Ministry Publishes Official List of 'Patriotic' Songs for Schools,2025-08-28 10:17:07.000000
Russian Oil Supplies to Hungary and Slovakia Resume After Ukrainian Strikes,2025-08-28 09:37:06.000000
Putin Could Meet With North Korea’s Kim During China Visit,2025-08-28 08:30:00.000000
Trump Envoy Warns Deadly Russian Attack on Kyiv Threatens U.S. Peace Initiative,2025-08-28 07:35:00.000000
Kursk Deputy Governor Placed in Pre-Trial Detention Over Alleged Border Defense Fraud,2025-08-27 15:16:32.000000
Russia Threatens to Ban Norwegian Ships Over EU Fishing Sanctions,2025-08-27 14:41:09.000000
Moscow Sends $17M in Back Payments for Russian Pensioners in Latvia and Estonia,2025-08-27 13:38:59.000000
Kremlin Doubles Down on Opposition to European Troops in Ukraine,2025-08-27 12:34:21.000000
Mayor of Central Russia’s Vladimir Arrested in Alleged ‘Cemetery Mafia’ Probe,2025-08-27 10:55:55.000000
Heavy Rain and Flooding Trigger Evacuations in Sakhalin,2025-08-27 09:37:01.000000
Rutube Video Platform Plans Layoffs Ahead of Gazprom Media Merger – Report,2025-08-27 08:48:19.000000
Estonia Jails Russian-Estonian Dual National 3 Years for Espionage,2025-08-27 07:44:04.000000
Fuselage Flaws Found on 14 of Russia’s Superjet Airliners,2025-08-26 14:57:56.000000
From War Surge to Slump: Is the Russian Economy Heading Toward Recession?,2025-08-26 14:40:44.000000
Scroll-Shaped Skyscraper Design Wins Vote to Replace Iconic Novy Arbat Building in Moscow,2025-08-26 14:03:57.000000
Russia’s Top Investigator Orders Rescue of Climber in Kyrgyzstan,2025-08-26 12:18:00.000000
Russia to Quit Europe’s Anti-Torture Convention,2025-08-26 10:07:00.000000
Fire at Rostov Oil Refinery Extinguished Nearly a Week After Ukrainian Drone Attack,2025-08-26 08:37:37.000000
Trump Says He Spoke to Putin Again After White House Summit,2025-08-26 08:14:22.000000
Far East Russia’s Kuril Islands Run Out of Gasoline,2025-08-25 15:15:00.000000
Russia Bans Educational Nonprofit International Baccalaureate,2025-08-25 14:21:15.000000
How Would Russia Treat a Ukraine Peace Deal? Chechnya and Georgia Offer Clues.,2025-08-25 13:47:00.000000
Russia’s Top Prosecutor Applies for Supreme Court Chief Justice Post,2025-08-25 13:30:00.000000
Ukraine Criticizes Woody Allen for Speaking at Moscow Film Week,2025-08-25 12:23:00.000000
Russian Swimmer Missing After Bosphorus Race in Turkey,2025-08-25 10:48:00.000000
Russian Stocks Retreat After Ukraine Peace Talks Fail to Deliver,2025-08-25 09:54:35.000000
Kursk Region Deputy Governor Arrested in Border Defense Probe,2025-08-25 08:36:00.000000
Zelensky Calls for Putin Talks as Peace Efforts Stall,2025-08-24 16:32:56.000000
Vance Cites ‘Significant Concessions’ by Russia on Ukraine,2025-08-24 15:59:00.000000
Russia Says Almost 300 POWs Exchanged With Ukraine,2025-08-24 12:55:00.000000
Russia’s Lavrov Says West Trying to ‘Block' Ukraine Peace Talks,2025-08-24 10:48:59.000000
Drone Shot Down by Russia Sparks Fire at Kursk Nuclear Plant,2025-08-24 06:00:00.000000
Palestinians Stream Back to Northern Gaza on Foot,2025-01-27 19:23:00.000000
"Leading China Property Developer Reports Huge loss, in Sign of Widening Real-Estate Woes",2025-01-27 17:32:00.000000
Freed Israeli Hostages Still Had Shrapnel in Their Bodies From Oct. 7 Attack,2025-01-27 17:12:00.000000
Suspected Sabotage of Deep-Sea Cable Triggers First NATO-Led Response,2025-01-27 16:22:00.000000
Rwanda-Backed Rebels Enter Congo's Safe-Haven City,2025-01-27 15:07:00.000000
Cocaine-Funded Gangs Shake Colombia Years After Peace Pact,2025-01-27 12:00:00.000000
"Italy Supports Saudi Arabia Joining Fighter-Jet Program, PM Meloni Says",2025-01-27 10:34:00.000000
Shippers Wary of Red Sea Routes Despite Houthi Pledge to End Targeting,2025-01-27 06:05:00.000000
Kim Jong Un Is Doing Everything He Can to Keep North Korea's Youth in Line,2025-01-27 06:05:00.000000
"Trump Says Colombia Will Accept Deportees, Ending Tariff Standoff",2025-01-27 03:59:00.000000
Jeju Air Crash Probe Focuses On Engine Damage After Bird Strike,2025-01-27 03:53:00.000000
"Germany's Economic Model Is Broken, and No One Has a Plan B",2025-01-27 02:00:00.000000
"Trump Says He Wants to 'Clean Out' Gaza, Send Refugees to Egypt and Jordan",2025-01-26 23:30:00.000000
Hamas Releases Four Female Israeli Soldiers Under Gaza Cease-Fire Deal,2025-01-25 18:45:00.000000
Hamas Took More Than 200 Hostages From Israel. Here's What We Know.,2025-01-25 17:00:00.000000
U.N. and Congolese Troops Struggle to Halt Lightning Rebel Attack,2025-01-25 14:32:00.000000
Who Are the Israeli Hostages Released by Hamas?,2025-01-25 11:57:00.000000
The Latest Gaza Hostages Freed: Women Whose Hamas Warnings Were Ignored,2025-01-25 10:05:00.000000
"Beijing Signals Readiness to Talk to Trump's Team, Even Old Foes",2025-01-25 00:58:00.000000
"Canada Is Becoming a Fentanyl Exporter, and a Target for Trump",2025-01-24 22:56:00.000000
News24 | Brand Story | Fedhealth launches a bold Medical Aid reboot,2025-09-01 10:21:56.479210
"News24 | Monday’s weather: Fog patches in parts but partly cloudy, fine, warm to hot for most of SA",2025-09-01 10:21:56.479214
News24 | Sponsored | How to be financially healthier and be rewarded,2025-09-01 10:21:56.479217
News24 | Putin blames the West for ‘coup’ and ‘attempts to drag Ukraine into NATO’ which led to war,2025-09-01 10:21:56.479219
News24 | New Zealand lifts ban on rich foreigners buying homes,2025-09-01 10:21:56.479221
"News24 | Trump troop deployment in Chicago would be ‘an invasion with US troops’, says Governor JB Pritzker",2025-09-01 10:21:56.479223
"News24 | UPDATE: 800 dead, 2 500 hurt as earthquake hits Afghanistan, rescue operations under way",2025-09-01 10:21:56.479226
News24 | Springboks recall De Klerk for titanic All Black showdown,2025-09-01 10:21:56.479228
"News24 | For Prof Rachel Jewkes, blending research with activism is at the heart of her life’s work",2025-09-01 10:21:56.479230
News24 | ‘He lived a full life’: Jazz legend Stompie Manana dies at 89,2025-09-01 10:21:56.479233
News24 | Greta Thunberg joins Gaza aid flotilla aiming to ‘break illegal siege’,2025-09-01 10:21:56.479235
News24 | LOOK | There’s something in the water. Khayelitsha’s kids want you to see it,2025-09-01 10:21:56.479237
"News24 | Soweto woman sees gap, turns waste into a business that now employs 12",2025-09-01 10:21:56.479239
News24 | Should you diversify across managers with different investment styles?,2025-09-01 10:21:56.479241
News24 | Ruben Amorim: ‘It is hard to be a Manchester United goalkeeper’,2025-09-01 10:21:56.479243
News24 | Former Mandela security advisor and UIM leader Neil de Beer dies after cancer battle,2025-09-01 10:21:56.479245
"News24 | The Weekender | Black African women and SA newsrooms, WeBuyCars boss... and yes we canapé!",2025-09-01 10:21:56.479247
