title,date,topic,topic_name,period
Police release man detained in connection to Nancy Guthrie disappearance,2026-02-11 08:53:27.000000,10,10_guthrie_nancy_nancy guthrie_detained,2026-02-11
'Fear and alienation': Senior Co-op staff complain of 'toxic' culture at the top,2026-02-11 00:02:33.000000,0,0_china_ai_chinas_win,2026-02-11
Frank sacked by Spurs after eight months in charge,2026-02-11 10:10:17.000000,5,5_olympic_olympic snowboarder_spurs_snowboarder,2026-02-11
Ex-police chief said Trump told him in 2006 'everyone' knew of Epstein's behaviour,2026-02-10 20:48:27.000000,9,9_epstein_epstein files_tell_files,2026-02-10
Are wetter winters and frequent flooding here to stay?,2026-02-11 02:59:08.000000,3,3_newsletter_war room_room_news24,2026-02-11
12 things we spotted in the Oscars class photo,2026-02-11 09:40:34.000000,-1,-1_says_germany_rights_president,2026-02-11
"Boy, 13, questioned over double school stabbing",2026-02-11 10:23:18.000000,8,8_school_dead_10 dead_canada,2026-02-11
"Sunbed ads targeted at young people spread harmful misinformation, BBC finds",2026-02-11 06:05:19.000000,0,0_china_ai_chinas_win,2026-02-11
Britain's 'loneliest' sheep gives birth to first lambs,2026-02-11 10:17:02.000000,1,1_hong_hong kong_kong_jimmy,2026-02-11
Skater's emotional tribute to parents who died in plane crash,2026-02-10 18:32:33.000000,5,5_olympic_olympic snowboarder_spurs_snowboarder,2026-02-10
What skating  'Disco Brits' must do to win Olympic medal,2026-02-11 06:03:56.000000,5,5_olympic_olympic snowboarder_spurs_snowboarder,2026-02-11
Men's ice hockey starts with a high-profile clash - Wednesday's guide,2026-02-10 21:08:09.000000,5,5_olympic_olympic snowboarder_spurs_snowboarder,2026-02-10
How Team GB is leading the way in curling's arms race,2026-02-11 08:46:23.000000,5,5_olympic_olympic snowboarder_spurs_snowboarder,2026-02-11
The ghost ships in the English Channel and the question of what to do about them,2026-02-11 00:17:37.000000,3,3_newsletter_war room_room_news24,2026-02-11
How a TV journalist helped crack a murder cold case,2026-02-11 09:13:39.000000,-1,-1_says_germany_rights_president,2026-02-11
Chris Mason: Smiles and relief as Starmer attempts his latest reset,2026-02-11 04:19:58.000000,-1,-1_says_germany_rights_president,2026-02-11
"After 493 days it is still 'no win, no trim' for Man Utd fan",2026-02-10 22:30:46.000000,5,5_olympic_olympic snowboarder_spurs_snowboarder,2026-02-10
Captivating chemistry or a hollow misfire? Wuthering Heights splits critics,2026-02-10 11:44:23.000000,-1,-1_says_germany_rights_president,2026-02-10
Flooding concerns remain but change is on the horizon,2026-02-11 03:58:15.000000,3,3_newsletter_war room_room_news24,2026-02-11
Netanyahu to meet Trump as Iran nuclear talks reach critical stage,2026-02-11 05:55:02.000000,4,4_gaza_israeli_iran_netanyahu,2026-02-11
Britney Spears sells rights to entire music catalogue,2026-02-11 03:26:37.000000,-1,-1_says_germany_rights_president,2026-02-11
UK doubles troops in Norway to counter Russian 'threat to Arctic',2026-02-11 03:39:02.000000,2,2_russia_ukraine_russian_moscow,2026-02-11
"Children bombarded with weight loss drug ads online, says commissioner",2026-02-11 09:49:13.000000,0,0_china_ai_chinas_win,2026-02-11
US lawmakers tell BBC Andrew should testify over Epstein files,2026-02-11 02:41:38.000000,9,9_epstein_epstein files_tell_files,2026-02-11
Disney advert banned for showing 'disturbing' severed body,2026-02-11 00:07:54.000000,0,0_china_ai_chinas_win,2026-02-11
Spike in antisemitism reports after synagogue attack,2026-02-11 00:10:17.000000,4,4_gaza_israeli_iran_netanyahu,2026-02-11
BBC News app,2025-04-30 14:04:28.000000,3,3_newsletter_war room_room_news24,2025-04-30
Has Keir Starmer Saved His Job (For Now)?,2026-02-10 20:50:00.000000,-1,-1_says_germany_rights_president,2026-02-10
Children in Care: How to Fix the Fostering Crisis,2026-01-22 06:00:00.000000,3,3_newsletter_war room_room_news24,2026-01-22
Frank sacked by Spurs after eight months in charge,2026-02-11 10:10:17.000000,5,5_olympic_olympic snowboarder_spurs_snowboarder,2026-02-11
How Team GB is leading the way in curling's arms race,2026-02-11 08:46:23.000000,5,5_olympic_olympic snowboarder_spurs_snowboarder,2026-02-11
"No balls, a wide & absurd run-out - a wild T20 World Cup finish",2026-02-11 10:14:51.000000,5,5_olympic_olympic snowboarder_spurs_snowboarder,2026-02-11
Are Hearts developing the habit of champions?,2026-02-11 00:55:19.000000,5,5_olympic_olympic snowboarder_spurs_snowboarder,2026-02-11
53 people dead or missing after migrant boat capsizes in Mediterranean,2026-02-09 14:43:13.000000,3,3_newsletter_war room_room_news24,2026-02-09
"Ebo Taylor, Ghanaian highlife pioneer and guitarist, dies age 90",2026-02-09 13:44:54.000000,-1,-1_says_germany_rights_president,2026-02-09
Weather tracker: Spain and Portugal hit by third deadly storm in two weeks,2026-02-09 11:00:20.000000,3,3_newsletter_war room_room_news24,2026-02-09
"RSF drone attack kills 24 people fleeing fighting in central Sudan, says doctors group",2026-02-07 20:03:07.000000,-1,-1_says_germany_rights_president,2026-02-07
Thousands of Malawi businesses close in protest over tax changes,2026-02-07 12:00:01.000000,-1,-1_says_germany_rights_president,2026-02-07
Some of world’s oldest trees hit by climate-fuelled wildfires in Patagonia,2026-02-11 08:00:11.000000,8,8_school_dead_10 dead_canada,2026-02-11
"Mia Amor Mottley on course for third term, as Barbados heads to the polls",2026-02-11 07:00:11.000000,11,11_bangladesh_election_bangladesh election_stake,2026-02-11
"Canada shooting: 10 dead including suspect in attack on Tumbler Ridge high school, police say",2026-02-11 06:38:51.000000,8,8_school_dead_10 dead_canada,2026-02-11
Mark Carney reminds Trump that Canada paid for key border bridge US president says he won’t open,2026-02-10 18:28:59.000000,-1,-1_says_germany_rights_president,2026-02-10
Astronomers celebrate cancellation of $10bn Chile project that threatened clearest skies in the world,2026-02-10 12:48:41.000000,-1,-1_says_germany_rights_president,2026-02-10
Father of pro-democracy activist Anna Kwok first to be convicted under Hong Kong national security law,2026-02-11 04:05:42.000000,1,1_hong_hong kong_kong_jimmy,2026-02-11
‘Wake-up call’ for Greece as air force officer accused of spying for China,2026-02-10 19:04:29.000000,0,0_china_ai_chinas_win,2026-02-10
Hong Kong’s once-vibrant press stays silent or celebrates Jimmy Lai’s 20-year jail sentence,2026-02-10 14:14:48.000000,1,1_hong_hong kong_kong_jimmy,2026-02-10
Parents of Melbourne methanol-poisoning victims ‘shocked’ by $185 fines handed to Laos hostel staff,2026-02-10 00:20:33.000000,1,1_hong_hong kong_kong_jimmy,2026-02-10
US judges dismiss lawsuits accusing Neil Gaiman of sexual assault,2026-02-10 00:01:52.000000,-1,-1_says_germany_rights_president,2026-02-10
Angus Taylor resigns from shadow cabinet ahead of expected Liberal leadership challenge,2026-02-11 09:39:45.000000,9,9_epstein_epstein files_tell_files,2026-02-11
Shadow attorney general says it would be unacceptable to ‘effectively knife’ first female Liberal leader – as it happened,2026-02-11 09:31:06.000000,-1,-1_says_germany_rights_president,2026-02-11
‘We need a helicopter to go find them’: 13-year-old’s emergency call to save family stranded off WA coast revealed,2026-02-11 08:27:52.000000,3,3_newsletter_war room_room_news24,2026-02-11
Commonwealth Bank posts record half-year cash profit as investors pile into housing market,2026-02-11 07:47:50.000000,0,0_china_ai_chinas_win,2026-02-11
NSW police commissioner urged to apologise to ‘entire Muslim community’ after officers disrupted prayer at Sydney protest,2026-02-11 07:39:53.000000,4,4_gaza_israeli_iran_netanyahu,2026-02-11
Russian strikes on Ukraine kill four amid reports Zelenskyy considering elections and peace deal referendum – Europe live,2026-02-11 10:38:41.000000,2,2_russia_ukraine_russian_moscow,2026-02-11
‘How many beers do you have?’ Swedish PM seeks boost from phone-in podcast,2026-02-11 10:36:17.000000,3,3_newsletter_war room_room_news24,2026-02-11
France makes international appeal over ex-teacher accused of raping 89 children,2026-02-11 10:35:13.000000,4,4_gaza_israeli_iran_netanyahu,2026-02-11
UK wealth manager and price comparison site shares fall amid AI fears,2026-02-11 10:03:36.000000,0,0_china_ai_chinas_win,2026-02-11
Ireland’s basic income for the arts scheme becomes permanent,2026-02-10 19:21:57.000000,-1,-1_says_germany_rights_president,2026-02-10
Family of worker killed on Saudi World Cup site still waiting for compensation a year on,2026-02-11 07:00:13.000000,1,1_hong_hong kong_kong_jimmy,2026-02-11
‘A step in the wrong direction’: Israel’s West Bank plans prompt global backlash,2026-02-11 01:59:13.000000,4,4_gaza_israeli_iran_netanyahu,2026-02-11
Iran tells US not to let Netanyahu thwart nuclear talks before Trump meeting,2026-02-10 19:34:01.000000,4,4_gaza_israeli_iran_netanyahu,2026-02-10
"Indonesia prepares to send up to 8,000 troops to Gaza as part of Trump plan",2026-02-10 12:17:40.000000,4,4_gaza_israeli_iran_netanyahu,2026-02-10
"Iran’s shadow fleet of old tankers a ticking bomb for sea life, say experts",2026-02-10 11:50:01.000000,-1,-1_says_germany_rights_president,2026-02-10
‘Women’s freedoms are at stake’: concern at rise of Islamist party before Bangladesh election,2026-02-11 02:00:03.000000,11,11_bangladesh_election_bangladesh election_stake,2026-02-11
"Traditional food could help reverse Nepal’s ‘diabetes epidemic’, studies suggest",2026-02-10 10:00:18.000000,11,11_bangladesh_election_bangladesh election_stake,2026-02-10
"One person dead from Nipah virus in Bangladesh, WHO says",2026-02-07 01:45:43.000000,11,11_bangladesh_election_bangladesh election_stake,2026-02-07
Mosque bombing in Pakistan capital kills at least 31 people,2026-02-06 14:57:10.000000,-1,-1_says_germany_rights_president,2026-02-06
Pakistan targets Balochistan separatists after ‘unprecedented’ assaults,2026-02-01 14:07:54.000000,4,4_gaza_israeli_iran_netanyahu,2026-02-01
Lib Dems call for ‘anti-growth’ Treasury to be split up – UK politics live,2026-02-11 10:38:23.000000,-1,-1_says_germany_rights_president,2026-02-11
Palestine Action activist says jury verdicts were vindication of cause,2026-02-11 10:28:10.000000,4,4_gaza_israeli_iran_netanyahu,2026-02-11
No 10 ‘did not know’ of aide’s links to paedophile when he was given peerage,2026-02-11 09:31:05.000000,1,1_hong_hong kong_kong_jimmy,2026-02-11
‘I’m thinking of building an ark’: the Cornish village soaked by 41 consecutive days of rain,2026-02-11 06:00:10.000000,3,3_newsletter_war room_room_news24,2026-02-11
"Nurses’ families fear being torn apart in UK immigration crackdown, survey says",2026-02-11 06:00:09.000000,3,3_newsletter_war room_room_news24,2026-02-11
Democrats introduce ‘Virginia’s law’ bill to end statute of limitations on civil sexual abuse cases,2026-02-11 03:10:38.000000,-1,-1_says_germany_rights_president,2026-02-11
Person detained for questioning in Nancy Guthrie disappearance,2026-02-11 03:05:30.000000,10,10_guthrie_nancy_nancy guthrie_detained,2026-02-11
Federal prosecutors reportedly failed to secure indictments against six Democratic lawmakers over US military video – as it happened,2026-02-11 03:01:10.000000,-1,-1_says_germany_rights_president,2026-02-11
Grand jury declines to indict Democrats asking troops to refuse illegal orders,2026-02-11 02:44:17.000000,-1,-1_says_germany_rights_president,2026-02-11
"Britney Spears sells rights to music catalog for undisclosed sum, say reports",2026-02-11 00:33:52.000000,-1,-1_says_germany_rights_president,2026-02-11
Pezeshkian calls for unity as Iran marks 1979 Revolution anniversary,2026-02-11 09:44:45.000000,-1,-1_says_germany_rights_president,2026-02-11
Colombia’s Petro says he escaped assassination attempt,2026-02-11 09:41:32.000000,6,6_mexico_trump_cuba_oil,2026-02-11
Iran’s president condemns ‘conspiracy from imperial powers’,2026-02-11 09:31:09.000000,-1,-1_says_germany_rights_president,2026-02-11
Kenya’s Mau Mau History,2026-02-11 09:21:34.000000,-1,-1_says_germany_rights_president,2026-02-11
"In Ukraine’s west, Hungarian minority rights collide with wartime politics",2026-02-11 09:15:20.000000,2,2_russia_ukraine_russian_moscow,2026-02-11
Top Iranian official condemns ‘language of force’,2026-02-11 08:55:18.000000,4,4_gaza_israeli_iran_netanyahu,2026-02-11
Motorcyclist hit by Israeli strike in Gaza,2026-02-11 08:46:38.000000,4,4_gaza_israeli_iran_netanyahu,2026-02-11
"US questions person over disappearance of Nancy Guthrie, mother of TV host",2026-02-11 08:44:40.000000,10,10_guthrie_nancy_nancy guthrie_detained,2026-02-11
Bangladesh tightens security as it holds first election since 2024 uprising,2026-02-11 08:39:52.000000,11,11_bangladesh_election_bangladesh election_stake,2026-02-11
Top Canadian pension fund halts deals with UAE firm over Epstein ties,2026-02-11 08:23:17.000000,9,9_epstein_epstein files_tell_files,2026-02-11
Arab and Muslim nations at UN condemn Israel’s ‘annexation’ plan,2026-02-11 08:15:26.000000,4,4_gaza_israeli_iran_netanyahu,2026-02-11
Prapti in Bangladesh,2026-02-11 08:15:12.000000,11,11_bangladesh_election_bangladesh election_stake,2026-02-11
Tumbler Ridge mass shooting: What we know about Canada’s school attack,2026-02-11 08:04:00.000000,8,8_school_dead_10 dead_canada,2026-02-11
What is going on with gold and silver?,2026-02-11 07:59:55.000000,-1,-1_says_germany_rights_president,2026-02-11
Abhishek Sharma hospitalised; doubtful for India’s match against Namibia,2026-02-11 07:50:01.000000,11,11_bangladesh_election_bangladesh election_stake,2026-02-11
More Palestinians return to Gaza via Rafah as Israeli attacks continue,2026-02-11 07:39:54.000000,4,4_gaza_israeli_iran_netanyahu,2026-02-11
"LIVE: Israeli attacks target Gaza, West Bank as Trump, Netanyahu to meet",2026-02-11 06:05:39.000000,4,4_gaza_israeli_iran_netanyahu,2026-02-11
West Ham vs Man United ends in draw as Spurs lose to Newcastle,2026-02-11 05:47:38.000000,5,5_olympic_olympic snowboarder_spurs_snowboarder,2026-02-11
Nahid Islam and the uneasy alliance that could shape Bangladesh’s vote,2026-02-11 05:14:35.000000,11,11_bangladesh_election_bangladesh election_stake,2026-02-11
"Bangladesh election 2026: What happens, when, and what’s at stake?",2026-02-11 05:10:27.000000,11,11_bangladesh_election_bangladesh election_stake,2026-02-11
Young and old struggle to get their studies back on track in Gaza,2026-02-11 04:37:05.000000,4,4_gaza_israeli_iran_netanyahu,2026-02-11
Palestinians fear West Bank annexation after Israel approves new rules,2026-02-11 04:29:43.000000,4,4_gaza_israeli_iran_netanyahu,2026-02-11
"Canada school shooting updates: 9 dead, 27 wounded in BC’s Tumbler Ridge",2026-02-11 04:23:50.000000,8,8_school_dead_10 dead_canada,2026-02-11
"Antigovernment protests in Albania turn violent, at least 13 arrested",2026-02-11 04:07:46.000000,-1,-1_says_germany_rights_president,2026-02-11
"‘Monstrous’: Cyclone Gezani hits Madagascar, leaving at least nine dead",2026-02-11 02:54:41.000000,3,3_newsletter_war room_room_news24,2026-02-11
"Shootings at school and home in British Columbia, Canada, leave 10 dead",2026-02-11 10:45:20.000000,8,8_school_dead_10 dead_canada,2026-02-11
The U.S. claims China is conducting secret nuclear tests. Here's what that means,2026-02-11 10:00:00.000000,0,0_china_ai_chinas_win,2026-02-11
'I feel hope': Venezuelan opposition leader talks about being released from detention,2026-02-11 09:48:14.000000,-1,-1_says_germany_rights_president,2026-02-11
New Zealand mosque shooter asks appeals court to throw out his guilty plea,2026-02-11 09:47:21.000000,4,4_gaza_israeli_iran_netanyahu,2026-02-11
Israeli Prime Minister Benjamin Netanyahu to meet with Trump at the White House,2026-02-11 09:47:16.000000,4,4_gaza_israeli_iran_netanyahu,2026-02-11
Foundation for Defense of Democracies CEO on why he thinks the US should strike Iran,2026-02-11 09:47:12.000000,4,4_gaza_israeli_iran_netanyahu,2026-02-11
Father of US-based Hong Kong activist convicted under national security law,2026-02-11 09:23:55.000000,1,1_hong_hong kong_kong_jimmy,2026-02-11
Former NATO chief on Europe and U.S. relations,2026-02-10 22:08:22.000000,7,7_europe_treaty_macron_kremlin,2026-02-10
Mothers in the U.S. use crowdfunding tactics to help families in war-torn Gaza,2026-02-10 21:53:39.000000,4,4_gaza_israeli_iran_netanyahu,2026-02-10
Pakistan-Afghanistan border closures paralyze trade along a key route,2026-02-10 19:56:21.000000,12,12_trump_trumps_uscanada_trade,2026-02-10
Are liberal values a luxury the West cannot afford?,2026-02-10 22:28:53.000000,-1,-1_says_germany_rights_president,2026-02-10
Anger is deadly to moderate politicians,2026-02-03 22:54:51.000000,-1,-1_says_germany_rights_president,2026-02-03
America risks a nuclear-arms race with China,2026-02-03 21:43:54.000000,0,0_china_ai_chinas_win,2026-02-03
The War Room newsletter: Mission Maduro—when special ops succeed,2026-01-30 17:30:09.000000,3,3_newsletter_war room_room_news24,2026-01-30
Lots of world leaders are attacking Europe. Why?,2026-01-27 22:23:48.000000,7,7_europe_treaty_macron_kremlin,2026-01-27
Falling wine sales reflect a lonelier and more atomised world,2026-01-15 13:51:54.000000,-1,-1_says_germany_rights_president,2026-01-15
Donald Trump used to be risk-averse. Is that changing?,2026-01-13 20:32:19.000000,12,12_trump_trumps_uscanada_trade,2026-01-13
Social media are helping cults to recruit and control members,2026-01-08 13:47:50.000000,0,0_china_ai_chinas_win,2026-01-08
The War Room newsletter: Inside the mission that snatched Maduro,2026-01-05 19:41:42.000000,3,3_newsletter_war room_room_news24,2026-01-05
Patriotism tests loom for big business,2025-12-30 13:48:47.000000,12,12_trump_trumps_uscanada_trade,2025-12-30
A half-planet-size gap in global governance is about to get plugged,2025-12-30 13:48:47.000000,-1,-1_says_germany_rights_president,2025-12-30
"The War Room newsletter: Mega edition—you ask, I answer",2025-12-29 17:12:51.000000,3,3_newsletter_war room_room_news24,2025-12-29
The quest to chart the sea,2025-12-22 14:20:40.000000,3,3_newsletter_war room_room_news24,2025-12-22
Ditch textbooks and learn how to use a wrench to AI-proof your job?,2025-12-18 13:43:14.000000,0,0_china_ai_chinas_win,2025-12-18
How to survive abandonment by America,2025-12-16 21:02:26.000000,3,3_newsletter_war room_room_news24,2025-12-16
Inside the fight for MAGA’s foreign policy,2025-12-11 14:00:15.000000,-1,-1_says_germany_rights_president,2025-12-11
What’s worse for innovation: MAGA or Mao?,2025-12-09 20:53:47.000000,0,0_china_ai_chinas_win,2025-12-09
Western armed forces have struggled to fill their ranks to deter Russia,2025-12-04 14:20:05.000000,2,2_russia_ukraine_russian_moscow,2025-12-04
Trumpworld thinks Europe has betrayed the West,2025-12-02 20:54:47.000000,7,7_europe_treaty_macron_kremlin,2025-12-02
AI is upending the porn industry,2025-11-27 14:06:34.000000,0,0_china_ai_chinas_win,2025-11-27
The writings of John Parker,2025-11-26 17:23:42.000000,3,3_newsletter_war room_room_news24,2025-11-26
The wrong sort of peace leads to the next war,2025-11-25 21:49:08.000000,-1,-1_says_germany_rights_president,2025-11-25
John Bolton thinks America is past “peak Trump”,2025-11-25 18:38:16.000000,12,12_trump_trumps_uscanada_trade,2025-11-25
COP30 ends with a whimper,2025-11-22 23:49:38.000000,7,7_europe_treaty_macron_kremlin,2025-11-22
"Erik Prince, America’s most notorious mercenary, spies opportunity in chaos",2025-11-21 16:57:40.000000,3,3_newsletter_war room_room_news24,2025-11-21
How Chinese underground banks became the world’s biggest money-launderers,2025-11-20 14:14:37.000000,0,0_china_ai_chinas_win,2025-11-20
The loneliness of America’s model ally,2025-11-18 22:05:35.000000,-1,-1_says_germany_rights_president,2025-11-18
China’s creepiest export surge,2025-11-13 14:00:55.000000,0,0_china_ai_chinas_win,2025-11-13
Beijing insiders’ plan to play Donald Trump,2025-11-11 18:51:01.000000,0,0_china_ai_chinas_win,2025-11-11
A new industry of AI companions is emerging,2025-11-06 10:19:51.000000,0,0_china_ai_chinas_win,2025-11-06
China places a Hong Kong-sized bet on Western decline,2025-11-04 19:45:44.000000,0,0_china_ai_chinas_win,2025-11-04
The War Room newsletter: Did a Russian weapon spook Trump?,2025-11-03 17:36:45.000000,-1,-1_says_germany_rights_president,2025-11-03
The War Room newsletter: The most successful amphibious invasion,2025-10-31 16:51:48.000000,3,3_newsletter_war room_room_news24,2025-10-31
What will it cost to make Vladimir Putin stop?,2025-10-30 10:40:10.000000,2,2_russia_ukraine_russian_moscow,2025-10-30
"Donald Trump’s trade power is vast, but self-defeating",2025-10-28 19:21:01.000000,12,12_trump_trumps_uscanada_trade,2025-10-28
"China is backing Russia’s war to keep America distracted, says Kaja Kallas",2025-10-28 16:41:51.000000,0,0_china_ai_chinas_win,2025-10-28
Meet the real screen addicts: the elderly,2025-10-23 13:11:26.000000,0,0_china_ai_chinas_win,2025-10-23
Brussels feels like a city preparing for war,2025-10-21 19:09:28.000000,-1,-1_says_germany_rights_president,2025-10-21
The War Room newsletter: Three lessons from a spy scandal,2025-10-20 16:20:21.000000,3,3_newsletter_war room_room_news24,2025-10-20
The icy cold war America is busy losing,2025-10-16 11:44:42.000000,7,7_europe_treaty_macron_kremlin,2025-10-16
China tries shock-and-awe on Donald Trump,2025-10-12 17:19:48.000000,0,0_china_ai_chinas_win,2025-10-12
Forget EVs. Cycling is revolutionising transport,2025-10-09 13:08:05.000000,-1,-1_says_germany_rights_president,2025-10-09
Europe struggles to put homeland defence first,2025-10-07 21:16:24.000000,7,7_europe_treaty_macron_kremlin,2025-10-07
The Economist today newsletter: What happens when migrants stop coming?,2025-10-06 12:16:59.000000,3,3_newsletter_war room_room_news24,2025-10-06
Can the West survive an age of brinkmanship?,2025-09-30 21:02:21.000000,7,7_europe_treaty_macron_kremlin,2025-09-30
The flashing red threat from Russia’s dark fleet,2025-09-30 19:10:50.000000,-1,-1_says_germany_rights_president,2025-09-30
The War Room newsletter: The best tanks of all time,2025-09-26 16:29:16.000000,3,3_newsletter_war room_room_news24,2025-09-26
Europe’s astonishing drop in illegal migration,2025-09-25 13:30:34.000000,3,3_newsletter_war room_room_news24,2025-09-25
The Economist Insider launches soon,2025-09-25 07:49:53.000000,-1,-1_says_germany_rights_president,2025-09-25
A made-in-China plan for world domination,2025-09-23 19:50:45.000000,0,0_china_ai_chinas_win,2025-09-23
Bolsonaro Takes Stand in Coup Trial,2025-06-13 23:31:37.000000,-1,-1_says_germany_rights_president,2025-06-13
Analysis: NYT’s bizarre coverage and omissions of Bolsonaro’s murderous coup plot,2024-12-11 11:57:00.000000,-1,-1_says_germany_rights_president,2024-12-11
Nathália Urban Presente!,2024-09-27 20:45:59.000000,-1,-1_says_germany_rights_president,2024-09-27
Inside Brazil’s X Ban: How Elon Musk Started–and lost–a Fight With Brazil’s Judiciary,2024-09-05 21:54:18.000000,-1,-1_says_germany_rights_president,2024-09-05
"Minister warns of “industrial-scale” organized disinformation campaign, hindering disaster efforts",2024-05-15 13:41:27.000000,3,3_newsletter_war room_room_news24,2024-05-15
Local Government’s responsibility for Porto Alegre flood catastrophe,2024-05-12 13:09:26.000000,3,3_newsletter_war room_room_news24,2024-05-12
US Congresswoman Takes Down Fantasist Republican Committee Hearing on Brazilian Democracy,2024-05-09 12:19:14.000000,-1,-1_says_germany_rights_president,2024-05-09
Greenwald accused of thinking he is “civilizing the natives”,2024-04-23 14:29:08.000000,6,6_mexico_trump_cuba_oil,2024-04-23
Brazilian lawyer exposes deceit at heart of “Twitter Files”,2024-04-18 12:17:20.000000,-1,-1_says_germany_rights_president,2024-04-18
Elon Musk Leads Far Right Propaganda Blitz On Brazil’s Democracy,2024-04-10 20:50:54.000000,-1,-1_says_germany_rights_president,2024-04-10
"Argentina Markets: Merval Rallies 2.8% as Peso Hits October Low at 1,406",2026-02-11 10:46:29.000000,-1,-1_says_germany_rights_president,2026-02-11
Mexico Stocks Slip From Record High as Peso Holds Near 17.19,2026-02-11 10:43:29.000000,-1,-1_says_germany_rights_president,2026-02-11
"Colombia Market Report: Peso Breaks Below 3,660 as Dollar Collapses; COLCAP Gains 0.92%",2026-02-11 10:37:14.000000,-1,-1_says_germany_rights_president,2026-02-11
"Gold Holds $5,055, Silver Surges 3.8% Ahead of NFP",2026-02-11 09:42:22.000000,-1,-1_says_germany_rights_president,2026-02-11
USD/BRL Holds Below 5.20 as Flat US Retail Sales Boost Fed Cut Bets and Carry Flows,2026-02-11 09:20:23.000000,0,0_china_ai_chinas_win,2026-02-11
Ibovespa Eases From Record as Eneva Crashes and IPCA Lands,2026-02-11 09:12:00.000000,-1,-1_says_germany_rights_president,2026-02-11
"Bitcoin Drops Below $67,000 as Crypto Fear Hits Extreme",2026-02-11 09:11:40.000000,-1,-1_says_germany_rights_president,2026-02-11
"Latin American Pulse for February 11, 2026",2026-02-11 09:07:04.000000,-1,-1_says_germany_rights_president,2026-02-11
Global Economy Brief — Wednesday Morning Edition,2026-02-11 08:58:53.000000,-1,-1_says_germany_rights_president,2026-02-11
"Brazil’s Financial Morning Call for February 11, 2026",2026-02-11 08:56:10.000000,-1,-1_says_germany_rights_president,2026-02-11
"EU needs capital market reform, simpler regulations, von der Leyen says",2026-02-11 10:47:23.200877,7,7_europe_treaty_macron_kremlin,2026-02-11
Telegram CEO vows to fight for app amid Russia pressure,2026-02-11 10:47:23.200884,2,2_russia_ukraine_russian_moscow,2026-02-11
Germany updates: Driving tests – and costs – at record high,2026-02-11 10:47:23.200887,-1,-1_says_germany_rights_president,2026-02-11
Samer Tawk: From intensive care to Winter Olympic return,2026-02-11 10:47:23.200890,5,5_olympic_olympic snowboarder_spurs_snowboarder,2026-02-11
Australia: Two charged with spying for China,2026-02-11 10:47:23.200893,0,0_china_ai_chinas_win,2026-02-11
German government pushes Syrians to return to their homeland,2026-02-11 10:47:23.200896,-1,-1_says_germany_rights_president,2026-02-11
"Ukraine updates: Zelenskyy to announce election plan, report",2026-02-11 10:47:23.200899,2,2_russia_ukraine_russian_moscow,2026-02-11
Guthrie abduction: Police detain person for questioning,2026-02-11 10:47:23.200902,10,10_guthrie_nancy_nancy guthrie_detained,2026-02-11
Canada: 10 dead in Tumbler Ridge school shooting,2026-02-11 10:47:23.200905,8,8_school_dead_10 dead_canada,2026-02-11
Airlines start halting flights to Cuba amid US fuel blockade,2026-02-11 10:47:23.200908,6,6_mexico_trump_cuba_oil,2026-02-11
India tightens AI rules for social media platforms,2026-02-11 10:47:23.200910,0,0_china_ai_chinas_win,2026-02-11
"JD Vance on deal-making spree in Azerbaijan, Armenia",2026-02-11 10:47:23.200913,-1,-1_says_germany_rights_president,2026-02-11
ICE chief tells US House agency is 'just getting started',2026-02-11 10:47:23.200916,-1,-1_says_germany_rights_president,2026-02-11
Nigerian lawmakers approve real-time online election results,2026-02-11 10:47:23.200919,-1,-1_says_germany_rights_president,2026-02-11
"Lufthansa pilots, crew to strike on Thursday",2026-02-11 10:47:23.200921,-1,-1_says_germany_rights_president,2026-02-11
Pakistan mosque attack highlights worsening militant threat,2026-02-11 10:47:23.200924,4,4_gaza_israeli_iran_netanyahu,2026-02-11
Germany logs rising rate of crimes against journalists,2026-02-11 10:47:23.200927,-1,-1_says_germany_rights_president,2026-02-11
Epstein files: Germany on high alert,2026-02-11 10:47:23.200930,9,9_epstein_epstein files_tell_files,2026-02-11
Dutch police arrest 15 over 'Islamic State' TikTok posts,2026-02-11 10:47:23.200932,-1,-1_says_germany_rights_president,2026-02-11
Ukraine's Olympic skater has dad and country front of mind,2026-02-11 10:47:23.200935,5,5_olympic_olympic snowboarder_spurs_snowboarder,2026-02-11
Ukraine updates: Europe to set its demands for Russia in peace talks,2026-02-11 10:47:23.200938,2,2_russia_ukraine_russian_moscow,2026-02-11
The German Olympic ski jump winner with a fear of heights,2026-02-11 10:47:23.200941,5,5_olympic_olympic snowboarder_spurs_snowboarder,2026-02-11
Italy: Rai sports staff to strike over Olympic opening farce,2026-02-11 10:47:23.200944,5,5_olympic_olympic snowboarder_spurs_snowboarder,2026-02-11
Is Netflix making us stupid?,2026-02-11 10:47:23.200947,0,0_china_ai_chinas_win,2026-02-11
IOC bars Ukrainian skeleton racer from wearing memorial helmet at Olympics,2026-02-11 10:47:23.200950,5,5_olympic_olympic snowboarder_spurs_snowboarder,2026-02-11
Slovakia's embattled LGBTQ+ community hopes for change,2026-02-11 10:47:23.200957,2,2_russia_ukraine_russian_moscow,2026-02-11
Macron warns Europe faces political and economic crisis,2026-02-11 10:47:23.200960,7,7_europe_treaty_macron_kremlin,2026-02-11
Germany news: Berlin releases report on hidden violence,2026-02-11 10:47:23.200963,-1,-1_says_germany_rights_president,2026-02-11
Germany: Queer referee attacked after viral proposal,2026-02-11 10:47:23.200965,-1,-1_says_germany_rights_president,2026-02-11
2025 Corruption Index flags drops in Western nations,2026-02-11 10:47:23.200968,-1,-1_says_germany_rights_president,2026-02-11
"US, Armenia sign nuclear deal during Vance visit",2026-02-11 10:47:23.200971,-1,-1_says_germany_rights_president,2026-02-11
MSC braces for more of Trump's 'wrecking-ball politics',2026-02-11 10:47:23.200974,12,12_trump_trumps_uscanada_trade,2026-02-11
"UK: Keir Starmer clings on, party ally calls on him to quit",2026-02-11 10:47:23.200977,5,5_olympic_olympic snowboarder_spurs_snowboarder,2026-02-11
Germany's gas reserves face crucial energy supply test,2026-02-11 10:47:23.200980,-1,-1_says_germany_rights_president,2026-02-11
Global economy needs nature to thrive,2026-02-11 10:47:23.200983,-1,-1_says_germany_rights_president,2026-02-11
Sweden to raise hurdles to gaining citizenship,2026-02-11 10:47:23.200985,3,3_newsletter_war room_room_news24,2026-02-11
Germany's neoliberal FDP: No chance for a comeback?,2026-02-11 10:47:23.200988,7,7_europe_treaty_macron_kremlin,2026-02-11
Germany news: Carnival season set to generate €2 billion,2026-02-11 10:47:23.200991,-1,-1_says_germany_rights_president,2026-02-11
Ukraine updates: Child killed in Russian drone strike,2026-02-11 10:47:23.200994,2,2_russia_ukraine_russian_moscow,2026-02-11
Spain: Rail strike begins as drivers protest safety failures,2026-02-11 10:47:23.200997,-1,-1_says_germany_rights_president,2026-02-11
Portugal: Socialist Seguro wins big in presidential election,2026-02-11 10:47:23.201000,-1,-1_says_germany_rights_president,2026-02-11
Super Bowl 2026: Seattle Seahawks beat New England Patriots,2026-02-11 10:47:23.201002,-1,-1_says_germany_rights_president,2026-02-11
Albania's judicial reform 10 years on: Hope without justice,2026-02-11 10:47:23.201005,4,4_gaza_israeli_iran_netanyahu,2026-02-11
Memorial for Swiss bar blaze victims catches fire,2026-02-11 10:47:23.201008,8,8_school_dead_10 dead_canada,2026-02-11
UK PM aide quits over pick of Epstein-linked US envoy,2026-02-11 10:47:23.201011,9,9_epstein_epstein files_tell_files,2026-02-11
Germany's Aicher wins Olympic ski silver as Vonn crashes,2026-02-11 10:47:23.201014,5,5_olympic_olympic snowboarder_spurs_snowboarder,2026-02-11
Fake Berlin Wall fragments on sale as souvenirs?,2026-02-11 10:47:23.201016,-1,-1_says_germany_rights_president,2026-02-11
Why scientists warn of privately funded geoengineering,2026-02-11 10:47:23.201019,-1,-1_says_germany_rights_president,2026-02-11
Could Hungary win its case against the EU's Russian gas ban?,2026-02-11 10:47:23.201022,2,2_russia_ukraine_russian_moscow,2026-02-11
Arrest in Dubai after shooting of Russian general — FSB,2026-02-11 10:47:23.201025,-1,-1_says_germany_rights_president,2026-02-11
Haiti – End of the Transitional Presidential Council mandate (09.02.26),2026-02-10 18:35:19.000000,6,6_mexico_trump_cuba_oil,2026-02-10
Meeting between Jean-Noël Barrot and the President of the European Court of Human Rights (10.02.26),2026-02-10 18:32:28.000000,-1,-1_says_germany_rights_president,2026-02-10
Israel/Palestine – Israeli government measures regarding the West Bank (10.02.26),2026-02-10 17:29:27.000000,4,4_gaza_israeli_iran_netanyahu,2026-02-10
Iran – Sentencing of Narges Mohammadi (09.02.26),2026-02-10 09:58:36.000000,-1,-1_says_germany_rights_president,2026-02-10
Malaysia – Conversation between Jean-Noël Barrot and his Malaysian counterpart (09.02.26),2026-02-09 17:36:21.000000,11,11_bangladesh_election_bangladesh election_stake,2026-02-09
United Nations – International Day of Zero Tolerance for Female Genital Mutilation (06.02.26),2026-02-06 14:21:16.000000,4,4_gaza_israeli_iran_netanyahu,2026-02-06
Expiry of the New START Treaty (6 February 2026),2026-02-06 12:45:11.000000,7,7_europe_treaty_macron_kremlin,2026-02-06
Greenland – French consul general’s arrival in Nuuk (06.02.26),2026-02-06 11:44:48.000000,-1,-1_says_germany_rights_president,2026-02-06
Iran – Joint statement by members of the Freedom Online Coalition on Internet shutdowns in Iran (04.02.26),2026-02-04 15:01:12.000000,4,4_gaza_israeli_iran_netanyahu,2026-02-04
"Partial reopening of the Rafah crossing (February 3, 2026) (03.02.26)",2026-02-03 17:21:27.000000,4,4_gaza_israeli_iran_netanyahu,2026-02-03
Nancy Guthrie case 'cracked open' by doorbell camera footage,2026-02-11 10:32:46.000000,10,10_guthrie_nancy_nancy guthrie_detained,2026-02-11
Race begins to replace Anne Hidalgo as Paris mayor,2026-02-11 10:06:38.000000,6,6_mexico_trump_cuba_oil,2026-02-11
Suspect detained in Nancy Guthrie abduction as video of armed man released,2026-02-11 10:04:57.000000,10,10_guthrie_nancy_nancy guthrie_detained,2026-02-11
Netanyahu to demand expanded Iran talks in White House meeting with Trump,2026-02-11 10:01:39.000000,4,4_gaza_israeli_iran_netanyahu,2026-02-11
What's behind Trump's threats on the US-Canada Gordie Howe International bridge?,2026-02-11 09:59:17.000000,12,12_trump_trumps_uscanada_trade,2026-02-11
Ten dead after shooter opens fire at high school in Canada,2026-02-11 09:58:38.000000,8,8_school_dead_10 dead_canada,2026-02-11
"Epstein fallout confined to Europe, prominent figures in US largely immune",2026-02-11 09:17:34.000000,9,9_epstein_epstein files_tell_files,2026-02-11
"UN declaration on Al-Fasher atrocities 'ridiculous: World knew how it would end, didn’t do anything'",2026-02-11 08:33:42.000000,4,4_gaza_israeli_iran_netanyahu,2026-02-11
"Person detained for questioning in Nancy Guthrie's kidnapping, police say",2026-02-11 07:37:40.000000,10,10_guthrie_nancy_nancy guthrie_detained,2026-02-11
2026 Olympics: Éric Perrot earns silver in 20km individual biathlon,2026-02-11 06:21:04.000000,5,5_olympic_olympic snowboarder_spurs_snowboarder,2026-02-11
Live: Iran president says will not yield to ‘excessive' nuclear demands but open to verification,2026-02-11 06:19:46.000000,-1,-1_says_germany_rights_president,2026-02-11
Mass shooting in British Columbia leaves 10 dead and dozens wounded,2026-02-11 02:51:02.000000,8,8_school_dead_10 dead_canada,2026-02-11
Venezuelan opposition ally placed under house arrest hours after release,2026-02-11 00:34:49.000000,-1,-1_says_germany_rights_president,2026-02-11
US Commerce Secretary admits Epstein island lunch as pressure mounts to resign,2026-02-10 23:41:03.000000,9,9_epstein_epstein files_tell_files,2026-02-10
Norway to set up independent commission over Epstein revelations,2026-02-10 23:16:08.000000,9,9_epstein_epstein files_tell_files,2026-02-10
EU lawmakers back tougher asylum rules allowing fast-track rejections,2026-02-10 23:03:00.000000,3,3_newsletter_war room_room_news24,2026-02-10
"Britney Spears sells rights to her music catalog for some $200 million, US media reports",2026-02-10 22:39:11.000000,-1,-1_says_germany_rights_president,2026-02-10
Gisele Pelicot publishes memoir of rape trial that shook France,2026-02-10 22:34:17.000000,4,4_gaza_israeli_iran_netanyahu,2026-02-10
Macron visits steel mill as ArcelorMital confirms €1.3 billion low-carbon furnace project,2026-02-10 22:13:36.000000,7,7_europe_treaty_macron_kremlin,2026-02-10
"'Trump wants to reverse history,' professor says as oil blockade pushes Cuba to the brink",2026-02-10 22:06:05.000000,6,6_mexico_trump_cuba_oil,2026-02-10
Senegal orders university closure following student's death during protests,2026-02-10 21:52:01.000000,-1,-1_says_germany_rights_president,2026-02-10
ICE raids target Minnesota families as US citizens face arrest,2026-02-10 20:57:05.000000,10,10_guthrie_nancy_nancy guthrie_detained,2026-02-10
FBI releases images of masked suspect in kidnapping of TV anchor Guthrie's mother,2026-02-10 20:38:09.000000,10,10_guthrie_nancy_nancy guthrie_detained,2026-02-10
"Trump’s White House revises India trade deal, sparking confusion over terms",2026-02-11 10:42:40.000000,-1,-1_says_germany_rights_president,2026-02-11
Cold shoulder? China and EU in diplomatic stand-off ahead of Munich showdown,2026-02-11 10:22:29.000000,-1,-1_says_germany_rights_president,2026-02-11
China official dies after horse riding accident while filming publicity clip for local agriculture,2026-02-11 10:00:08.000000,1,1_hong_hong kong_kong_jimmy,2026-02-11
Vote recount calls grow in Thailand amid claims of election irregularities,2026-02-11 09:30:08.000000,-1,-1_says_germany_rights_president,2026-02-11
Australia presses Israel’s Herzog for criminal charges over strike killing Zomi Frankcom,2026-02-11 09:10:36.000000,4,4_gaza_israeli_iran_netanyahu,2026-02-11
"China, India find common cause in push for multipolar world",2026-02-11 09:07:47.000000,0,0_china_ai_chinas_win,2026-02-11
"As Asia faces falling birth rates, AI’s rise distracts couples from building families",2026-02-11 08:42:57.000000,0,0_china_ai_chinas_win,2026-02-11
"Hong Kong fugitive Anna Kwok’s dad guilty of trying to cash out HK$88,000 policy",2026-02-11 08:42:48.000000,1,1_hong_hong kong_kong_jimmy,2026-02-11
South Koreans swap ancestral rites for Japan getaways this Lunar New Year,2026-02-11 08:36:19.000000,-1,-1_says_germany_rights_president,2026-02-11
"After solar panels and EVs, is overcapacity coming for China’s robots?",2026-02-11 08:30:08.000000,0,0_china_ai_chinas_win,2026-02-11
China sends envoy to Libya after embassy shuttered for more than a decade,2026-02-11 08:00:08.000000,0,0_china_ai_chinas_win,2026-02-11
Viral assault video in Singapore prompts Philippines to weigh legal action,2026-02-11 07:50:58.000000,1,1_hong_hong kong_kong_jimmy,2026-02-11
Captain pleads not guilty to damaging Baltic Sea gas pipeline in Hong Kong court,2026-02-11 07:44:50.000000,1,1_hong_hong kong_kong_jimmy,2026-02-11
"Time called on happy hour as French wine and spirit sales sour in mainland China, US",2026-02-11 07:00:08.000000,0,0_china_ai_chinas_win,2026-02-11
Hong Kong may set limit of 2 dogs per diner under new pet-friendly policy,2026-02-11 06:17:25.000000,1,1_hong_hong kong_kong_jimmy,2026-02-11
Malaysian key opposition party’s power struggle threatens to dent election hopes,2026-02-11 06:09:45.000000,11,11_bangladesh_election_bangladesh election_stake,2026-02-11
Capital injection: China backs AI drug makers in self-reliance drive,2026-02-11 06:00:13.000000,0,0_china_ai_chinas_win,2026-02-11
"China exit of top German lingerie brand shows women prefer comfort, rejecting the male gaze",2026-02-11 06:00:08.000000,0,0_china_ai_chinas_win,2026-02-11
Man dies after being thrown from taxi in crash near Hong Kong airport,2026-02-11 05:25:05.000000,1,1_hong_hong kong_kong_jimmy,2026-02-11
Australia demands answers from Laos over methanol poisoning ‘injustice’,2026-02-11 05:20:48.000000,1,1_hong_hong kong_kong_jimmy,2026-02-11
Colombia’s president says he escaped assassination attempt while in helicopter,2026-02-11 05:13:35.000000,-1,-1_says_germany_rights_president,2026-02-11
WuXi Biologics earnings jump as  ‘follow and win the molecule’ strategy pays off,2026-02-11 04:42:07.000000,0,0_china_ai_chinas_win,2026-02-11
US grand jury rejects charges against 6 Democrat lawmakers Trump wanted jailed,2026-02-11 04:30:38.000000,-1,-1_says_germany_rights_president,2026-02-11
Chinese civilisation’s true age; engineer leaves US to find freedom: 7 science highlights,2026-02-11 04:30:08.000000,0,0_china_ai_chinas_win,2026-02-11
Malaysian airports face complaints over expensive food and goods,2026-02-11 04:25:55.000000,1,1_hong_hong kong_kong_jimmy,2026-02-11
"In Japan, viral ‘baito tero’ workplace pranks plague businesses",2026-02-11 04:00:11.000000,-1,-1_says_germany_rights_president,2026-02-11
China’s Mengzhou spacecraft passes key test for 2030 crewed moon mission with Long March-10 rocket,2026-02-11 03:58:21.000000,0,0_china_ai_chinas_win,2026-02-11
China’s consumer price growth cools as inflation outlook remains unclear,2026-02-11 03:54:09.000000,0,0_china_ai_chinas_win,2026-02-11
Person detained in Guthrie abduction case following release of masked man video,2026-02-11 03:50:05.000000,10,10_guthrie_nancy_nancy guthrie_detained,2026-02-11
Country Garden shares edge up after regulators hold back on fines over debt disclosures,2026-02-11 03:35:29.000000,-1,-1_says_germany_rights_president,2026-02-11
China’s SMIC expects flat revenue as drop in low-end orders offsets AI chip growth,2026-02-11 03:13:58.000000,0,0_china_ai_chinas_win,2026-02-11
"Shootings at school and home in Canadian town leave 10 dead, many injured",2026-02-11 02:32:41.000000,8,8_school_dead_10 dead_canada,2026-02-11
Challenges and pathways in the South China Sea,2026-02-11 02:31:59.000000,-1,-1_says_germany_rights_president,2026-02-11
Does eating raw oysters put Hongkongers at risk of norovirus?,2026-02-11 02:00:18.000000,1,1_hong_hong kong_kong_jimmy,2026-02-11
China turns old oil pipeline into new carbon highway in green cost-cutting gambit,2026-02-11 02:00:11.000000,0,0_china_ai_chinas_win,2026-02-11
Singaporean man gets 11 years’ jail for posing as teen online and raping girl,2026-02-11 01:53:15.000000,1,1_hong_hong kong_kong_jimmy,2026-02-11
Britney Spears sells rights to her music catalogue in reported deal,2026-02-11 01:52:28.000000,-1,-1_says_germany_rights_president,2026-02-11
Japan’s wage squeeze undermines Takaichi’s ‘trickle down’ plans,2026-02-11 01:30:15.000000,0,0_china_ai_chinas_win,2026-02-11
"Outside its few red lines, China is the ultimate win-win country",2026-02-11 01:30:10.000000,0,0_china_ai_chinas_win,2026-02-11
Chinese healthcare firms expand overseas to support growing expat community,2026-02-11 01:00:34.000000,0,0_china_ai_chinas_win,2026-02-11
How Sanae Takaichi’s big win in Japan may complicate Beijing’s Taiwan policy,2026-02-11 01:00:17.000000,0,0_china_ai_chinas_win,2026-02-11
Rise in emotional economy: China ‘love-brained’ youth seek strangers’ scolding for guidance,2026-02-11 01:00:09.000000,0,0_china_ai_chinas_win,2026-02-11
Hong Kong social enterprise for needy unable to set up new shop after government error,2026-02-11 00:30:08.000000,1,1_hong_hong kong_kong_jimmy,2026-02-11
MTR Corp says sorry after 1½-hour disruption on Hong Kong Island line,2026-02-11 00:11:19.000000,1,1_hong_hong kong_kong_jimmy,2026-02-11
"South Korea, Japan eye deeper ties after Takaichi’s landslide win. But is it feasible?",2026-02-11 00:00:13.000000,0,0_china_ai_chinas_win,2026-02-11
"The Vocational Training Council poised to develop skilled talent equipped for Hong Kong’s economic transformation, says the new Chairman",2026-02-10 23:50:08.000000,1,1_hong_hong kong_kong_jimmy,2026-02-10
"Trump admin removes rainbow flag from Stonewall, the birthplace of US gay rights movement",2026-02-10 23:39:40.000000,12,12_trump_trumps_uscanada_trade,2026-02-10
"Beijing dominant partner in Russia-China relationship, US congressman Fallon says",2026-02-10 23:37:40.000000,0,0_china_ai_chinas_win,2026-02-10
Jimmy Lai ruling shows Hong Kong’s resolve to uphold the rule of law,2026-02-10 23:30:08.000000,1,1_hong_hong kong_kong_jimmy,2026-02-10
China and Trump targeted in House hearing on foreign influence in US non-profits,2026-02-10 22:31:04.000000,0,0_china_ai_chinas_win,2026-02-10
Taiwan opposition party agrees to consider president’s defence bill,2026-02-11 10:24:45.000000,0,0_china_ai_chinas_win,2026-02-11
Hong Kong suspends raw oyster sales from 2 suppliers after dozens of food poisoning cases,2026-02-11 09:59:28.000000,1,1_hong_hong kong_kong_jimmy,2026-02-11
Australia charges 2 Chinese nationals with foreign interference,2026-02-11 09:06:16.000000,0,0_china_ai_chinas_win,2026-02-11
Elderly man who spiked soft drinks with urine handed 1-year probation order,2026-02-11 04:29:46.000000,1,1_hong_hong kong_kong_jimmy,2026-02-11
Father of wanted Hong Kong activist found guilty of handling insurance funds linked to ‘absconder’,2026-02-11 03:33:03.000000,1,1_hong_hong kong_kong_jimmy,2026-02-11
Hong Kong minimum wage set to rise by HK$1 in May to HK$43.10,2026-02-10 23:30:00.000000,1,1_hong_hong kong_kong_jimmy,2026-02-10
"Ports dispute hurts investors’ confidence in Panama, Hong Kong leader warns",2026-02-10 10:57:32.000000,1,1_hong_hong kong_kong_jimmy,2026-02-10
"‘Significant proportion’ of Wang Fuk Court homeowners willing to consider buyout, Hong Kong leader says",2026-02-10 08:00:39.000000,0,0_china_ai_chinas_win,2026-02-10
Make HKFP a preferred source on Google; download our free apps,2026-02-10 05:57:02.000000,1,1_hong_hong kong_kong_jimmy,2026-02-10
"Safeguarding nat. sec in Hong Kong  ‘an unrelenting fight,’ Beijing says after Jimmy Lai’s sentencing",2026-02-10 05:33:31.000000,1,1_hong_hong kong_kong_jimmy,2026-02-10
Hong Kong media tycoon Jimmy Lai’s ex-workers ‘broke down in tears’ as they watched sentencing,2026-02-10 04:26:20.000000,1,1_hong_hong kong_kong_jimmy,2026-02-10
"UN deplores Hong Kong media mogul Jimmy Lai’s jailing, demands release",2026-02-10 04:01:38.000000,1,1_hong_hong kong_kong_jimmy,2026-02-10
Hong Kong man arrested over threat to bomb Admiralty station released on bail,2026-02-09 23:30:00.000000,1,1_hong_hong kong_kong_jimmy,2026-02-09
UK opens door to thousands more Hongkongers under visa scheme following Jimmy Lai jailing,2026-02-09 11:43:26.000000,1,1_hong_hong kong_kong_jimmy,2026-02-09
"Jimmy Lai ‘deserves his punishment,’ Hong Kong leader says after Apple Daily founder handed 20-year jail term",2026-02-09 10:39:43.000000,1,1_hong_hong kong_kong_jimmy,2026-02-09
How will Jimmy Lai’s 20-year prison sentence work?,2026-02-09 10:04:23.000000,1,1_hong_hong kong_kong_jimmy,2026-02-09
China vows ‘resolute response’ to any reckless acts after Takaichi’s landslide Japan election win,2026-02-09 08:53:22.000000,0,0_china_ai_chinas_win,2026-02-09
"Jimmy Lai jailing: Authorities hail 20-year prison term, as NGOs decry ‘effective death sentence’",2026-02-09 08:46:58.000000,1,1_hong_hong kong_kong_jimmy,2026-02-09
Hong Kong press groups silent on jailing of media tycoon Jimmy Lai,2026-02-09 07:36:48.000000,1,1_hong_hong kong_kong_jimmy,2026-02-09
National security judges cite ‘extensive roles’ as 6 ex-Apple Daily staffers jailed for up to 10 years,2026-02-09 07:07:06.000000,1,1_hong_hong kong_kong_jimmy,2026-02-09
Nat. security police ‘still investigating’ after Jimmy Lai gets 20 years,2026-02-09 06:12:06.000000,1,1_hong_hong kong_kong_jimmy,2026-02-09
Volunteer medics set Guinness World Record for ‘most pairs of people applying arm slings simultaneously’,2026-02-09 04:10:40.000000,5,5_olympic_olympic snowboarder_spurs_snowboarder,2026-02-09
"Dalai Lama never met Epstein, Tibetan spiritual leader’s office says",2026-02-09 03:12:01.000000,9,9_epstein_epstein files_tell_files,2026-02-09
Jimmy Lai jailed for 20 years in Hong Kong after nat. security conviction,2026-02-09 02:07:08.000000,1,1_hong_hong kong_kong_jimmy,2026-02-09
HKFP Live: Sentencing of media tycoon Jimmy Lai after nat. security conviction,2026-02-09 00:39:22.000000,1,1_hong_hong kong_kong_jimmy,2026-02-09
US accuses China of secret nuclear explosive tests,2026-02-08 09:22:58.000000,0,0_china_ai_chinas_win,2026-02-08
China overturns death sentence for Canadian in drug case,2026-02-08 09:07:34.000000,1,1_hong_hong kong_kong_jimmy,2026-02-08
Zhang Youxia: veteran Chinese princeling caught in Xi’s military purge,2026-02-08 02:00:00.000000,1,1_hong_hong kong_kong_jimmy,2026-02-08
Explainer: Hong Kong’s national security crackdown – month 67,2026-02-08 01:00:00.000000,1,1_hong_hong kong_kong_jimmy,2026-02-08
Explainer: What to know about Hong Kong’s bus seat belt policy rollercoaster,2026-02-08 00:00:00.000000,1,1_hong_hong kong_kong_jimmy,2026-02-08
Homicides were down 34% in January: Tuesday’s mañanera recapped,2026-02-11 00:53:23.000000,8,8_school_dead_10 dead_canada,2026-02-11
"Retail chain Coppel to invest US $830M, open 80 new stores",2026-02-11 00:01:37.000000,0,0_china_ai_chinas_win,2026-02-11
"Families demand relocation of 2 schools near Dos Bocas refinery, citing contamination and noise",2026-02-10 23:52:49.000000,-1,-1_says_germany_rights_president,2026-02-10
Mexico to produce mRNA vaccines under new agreement with Moderna,2026-02-10 21:48:19.000000,6,6_mexico_trump_cuba_oil,2026-02-10
"Landmark works of Mexican art, unseen for 2 decades, go on view in Mexico City",2026-02-10 21:40:00.000000,6,6_mexico_trump_cuba_oil,2026-02-10
Security Minister: Abducted miners were mistaken for members of a rival cartel faction,2026-02-10 21:32:48.000000,10,10_guthrie_nancy_nancy guthrie_detained,2026-02-10
Could Estadio Azteca be stripped of its World Cup inauguration?,2026-02-10 21:05:28.000000,-1,-1_says_germany_rights_president,2026-02-10
Medical inflation and tax changes are increasing health insurance premiums by up to 40%,2026-02-10 20:55:11.000000,0,0_china_ai_chinas_win,2026-02-10
Veracruz Carnival comes to Mexico City bazaar this weekend,2026-02-10 19:32:45.000000,6,6_mexico_trump_cuba_oil,2026-02-10
"MND Local: Guadalajara students fight climate change with fungi, Kali Uchis plays Zapopan, Michi Fest and more",2026-02-10 19:01:56.000000,-1,-1_says_germany_rights_president,2026-02-10
Outrage in Mexico at Trump praise for ‘legendary’ 19th-century US invasion,2026-02-03 21:18:29.000000,6,6_mexico_trump_cuba_oil,2026-02-03
Mexico’s president pledges to send aid to Cuba despite US efforts to cut oil access,2026-02-02 21:17:03.000000,6,6_mexico_trump_cuba_oil,2026-02-02
Mexico moves to combat pollution following Guardian investigations,2026-02-01 17:08:27.000000,6,6_mexico_trump_cuba_oil,2026-02-01
Mexico president says Trump tariffs on Cuba’s oil suppliers could trigger humanitarian crisis,2026-01-30 18:08:10.000000,6,6_mexico_trump_cuba_oil,2026-01-30
Mexico’s president says cancellation of oil shipment to Cuba is ‘sovereign’ decision,2026-01-27 18:57:59.000000,6,6_mexico_trump_cuba_oil,2026-01-27
Mexico president asks South Korea for more BTS concerts: ‘Everyone wants to go’,2026-01-26 22:41:59.000000,6,6_mexico_trump_cuba_oil,2026-01-26
"Gunmen open fire at football match in Mexico, killing at least 11",2026-01-26 16:19:11.000000,8,8_school_dead_10 dead_canada,2026-01-26
Olympic snowboarder Ryan Wedding arrives in US on drug charges – video,2026-01-24 14:04:32.000000,5,5_olympic_olympic snowboarder_spurs_snowboarder,2026-01-24
Ryan Wedding’s journey from Olympic snowboarder to alleged cocaine kingpin,2026-01-24 10:00:35.000000,5,5_olympic_olympic snowboarder_spurs_snowboarder,2026-01-24
Canadian Olympic snowboarder turned alleged cocaine kingpin in US custody,2026-01-23 18:11:43.000000,5,5_olympic_olympic snowboarder_spurs_snowboarder,2026-01-23
Sheinbaum defends transfer of Mexican cartel members amid efforts to appease Trump,2026-01-21 20:05:35.000000,6,6_mexico_trump_cuba_oil,2026-01-21
The return of measles: how a once-vanquished disease is spreading again,2026-01-21 11:00:36.000000,9,9_epstein_epstein files_tell_files,2026-01-21
"‘Every time I look at one, I smile!’: how axolotls took over the world",2026-01-21 10:00:34.000000,-1,-1_says_germany_rights_president,2026-01-21
"The Guardian view on Trump’s world: from Venezuela to Iran to Greenland, the madness is the method | Editorial",2026-01-15 19:09:28.000000,-1,-1_says_germany_rights_president,2026-01-15
Trump claims he has cancelled second wave of attacks on Venezuela,2026-01-09 20:49:02.000000,6,6_mexico_trump_cuba_oil,2026-01-09
"Violence, death and stolen land: people need to know the true cost of an avocado | Claudia Ignacio Álvarez",2026-01-06 07:00:30.000000,6,6_mexico_trump_cuba_oil,2026-01-06
‘Naked imperialism’: how Trump intervention in Venezuela is a return to form for the US,2026-01-04 04:00:01.000000,6,6_mexico_trump_cuba_oil,2026-01-04
‘I never imagined we could buy an island’: how a community saved Mexico’s Galápagos,2025-12-30 14:00:48.000000,6,6_mexico_trump_cuba_oil,2025-12-30
At least 13 people killed and 98 injured in train derailment in Mexico,2025-12-29 18:48:34.000000,8,8_school_dead_10 dead_canada,2025-12-29
A vineyard manager’s deportation shattered an Oregon town. Now his daughter is carrying on his legacy,2025-12-27 17:00:42.000000,10,10_guthrie_nancy_nancy guthrie_detained,2025-12-27
Director Bogomolov Resigns as Head of Moscow Art Theatre School After Appointment Backlash,2026-02-11 10:13:47.000000,2,2_russia_ukraine_russian_moscow,2026-02-11
Kenya’s FM to Visit Russia to Protest Recruitment of Citizens for Ukraine War,2026-02-10 16:27:44.000000,2,2_russia_ukraine_russian_moscow,2026-02-10
Kadyrov Calls Reports of Son’s Carcrash ‘Fake’,2026-02-10 15:54:00.000000,-1,-1_says_germany_rights_president,2026-02-10
Roskomnadzor Tightens Restrictions on Telegram as Users Report Disruptions,2026-02-10 14:13:00.000000,2,2_russia_ukraine_russian_moscow,2026-02-10
FSB Arrests Third Person Suspected of Plotting Attempted Assassination of GRU General,2026-02-10 13:12:47.000000,-1,-1_says_germany_rights_president,2026-02-10
Russia to Check Films for 'Traditional Values' Violations,2026-02-10 11:46:00.000000,2,2_russia_ukraine_russian_moscow,2026-02-10
Kremlin Confirms France Has Restored ‘Technical-Level’ Contact With Russia,2026-02-10 11:45:14.000000,7,7_europe_treaty_macron_kremlin,2026-02-10
Magnitude 5.3 Earthquake Rattles Krasnodar Region,2026-02-10 09:48:05.000000,-1,-1_says_germany_rights_president,2026-02-10
"Arbat Battalion Commander Killed in Combat Mission, Kremlin-Installed Official Says",2026-02-09 16:31:00.000000,2,2_russia_ukraine_russian_moscow,2026-02-09
Moscow Prosecutors Seek Jail Sentence for Exiled Comedian Semyon Slepakov,2026-02-09 15:39:23.000000,2,2_russia_ukraine_russian_moscow,2026-02-09
Thousands Without Running Water in Belgorod After Ukrainian Attack,2026-02-09 14:56:12.000000,-1,-1_says_germany_rights_president,2026-02-09
‘No Rosy Future’: Lavrov Slams Trump Administration in Interview,2026-02-09 12:11:00.000000,3,3_newsletter_war room_room_news24,2026-02-09
Indian Students Injured in Knife Attack at University in Bashkortostan,2026-02-09 09:54:00.000000,8,8_school_dead_10 dead_canada,2026-02-09
"Ukrainian Security Services Were Behind Shooting of GRU General, FSB Says",2026-02-09 06:50:00.000000,2,2_russia_ukraine_russian_moscow,2026-02-09
U.S. Pressing Ukraine and Russia to End War by June – Zelensky,2026-02-07 10:54:00.000000,2,2_russia_ukraine_russian_moscow,2026-02-07
"Russia Hits Ukraine Power Grid With ‘Massive Attack,’ Operator Says",2026-02-07 07:45:29.000000,2,2_russia_ukraine_russian_moscow,2026-02-07
OSCE Heads Pay First Visit to Moscow Since Ukraine Invasion,2026-02-06 17:27:00.000000,2,2_russia_ukraine_russian_moscow,2026-02-06
What the Epstein Files Tell Us – And Don't Tell Us – About His Ties to Russia,2026-02-06 16:49:00.000000,9,9_epstein_epstein files_tell_files,2026-02-06
Russia Reverses Decision to Issue Internal Passports in Abkhazia,2026-02-06 16:13:00.000000,2,2_russia_ukraine_russian_moscow,2026-02-06
Spanish Man Wanted for Cyberterrorism Says He Was Granted Asylum in Russia,2026-02-06 15:35:08.000000,-1,-1_says_germany_rights_president,2026-02-06
"Russia and U.S. Agree on Need for New Nuclear Arms Treaty, Kremlin Says",2026-02-06 14:11:00.000000,7,7_europe_treaty_macron_kremlin,2026-02-06
Russia Slaps Kazakh Comedian Nurlan Saburov With 50-Year Entry Ban,2026-02-06 12:25:00.000000,2,2_russia_ukraine_russian_moscow,2026-02-06
Regions Calling: The Human Cost of the Coal Industry Crisis,2026-02-06 12:11:00.000000,-1,-1_says_germany_rights_president,2026-02-06
"Russia Cuts 47K Paid University Places, Targeting Law and Economics",2026-02-06 10:46:00.000000,2,2_russia_ukraine_russian_moscow,2026-02-06
Russian General Hospitalized After Attempted Assassination in Moscow,2026-02-06 08:39:00.000000,2,2_russia_ukraine_russian_moscow,2026-02-06
Pro-War Bloggers Report Starlink Outage on Ukrainian Front Line,2026-02-05 15:55:13.000000,2,2_russia_ukraine_russian_moscow,2026-02-05
St. Petersburg Customs Officers Block Attempt to Smuggle Rare Meteorite Fragment,2026-02-05 15:26:55.000000,2,2_russia_ukraine_russian_moscow,2026-02-05
"As Everyday Prices Creep Upwards, Russians Feel the Pinch",2026-02-05 15:23:00.000000,-1,-1_says_germany_rights_president,2026-02-05
Russia Expels German Diplomat in Tit-for-Tat Move,2026-02-05 14:48:08.000000,2,2_russia_ukraine_russian_moscow,2026-02-05
Russian Government Allocates Nearly $17M for Displaced Kursk Residents Following Protests,2026-02-05 13:27:16.000000,2,2_russia_ukraine_russian_moscow,2026-02-05
"Russian Companies Forced Out of Venezuela After U.S. Capture of Maduro, Lavrov Says",2026-02-05 12:35:00.000000,6,6_mexico_trump_cuba_oil,2026-02-05
"Macron Sent Top Diplomatic Adviser to Meet With Kremlin Officials in Moscow, Reports Say",2026-02-05 11:02:00.000000,7,7_europe_treaty_macron_kremlin,2026-02-05
Russia and Ukraine Exchange Prisoners After Second Round of Abu Dhabi Talks,2026-02-05 11:00:00.000000,2,2_russia_ukraine_russian_moscow,2026-02-05
Police Raids Target Russian Communist Party Members in Altai Region,2026-02-05 10:21:16.000000,2,2_russia_ukraine_russian_moscow,2026-02-05
Italy Says It Thwarted Russian Cyberattacks Targeting Winter Olympics,2026-02-05 09:31:35.000000,-1,-1_says_germany_rights_president,2026-02-05
U.S. and Russia Shrug as Landmark Nuclear Treaty Expires,2026-02-04 16:23:00.000000,7,7_europe_treaty_macron_kremlin,2026-02-04
"Putin Dismisses Longtime Special Representative, Ex-Defense Minister Sergei Ivanov",2026-02-04 16:20:51.000000,2,2_russia_ukraine_russian_moscow,2026-02-04
Moscow Court Jails Stand-Up Comedian Nearly 6 Years for Alleged Joke About War Veterans,2026-02-04 16:00:58.000000,2,2_russia_ukraine_russian_moscow,2026-02-04
Krasnoyarsk Police Arrest Teenager Who Set Fire to School Classroom and Attacked Students,2026-02-04 14:31:36.000000,8,8_school_dead_10 dead_canada,2026-02-04
Putin Touts Energy Ties With China After Trump Says India May Halt Russian Oil Imports,2026-02-04 11:52:00.000000,0,0_china_ai_chinas_win,2026-02-04
Armenian Police Say 2 Russian Nationals Suspected in Murder of Chechen Woman Last Year,2026-02-04 11:21:59.000000,2,2_russia_ukraine_russian_moscow,2026-02-04
Ukrainian Airstrikes Knock Out Power in Belgorod Region for Second Time in a Month,2026-02-04 10:14:00.000000,2,2_russia_ukraine_russian_moscow,2026-02-04
Russia’s Opposition Has Representation in PACE. Can They Achieve Anything?,2026-02-03 17:13:00.000000,2,2_russia_ukraine_russian_moscow,2026-02-03
Russia Bombards Ukraine Day Before Planned Peace Talks,2026-02-03 16:17:17.000000,2,2_russia_ukraine_russian_moscow,2026-02-03
Krasnoyarsk Becomes Latest Region to Limit Alcohol Sales,2026-02-03 15:55:08.000000,-1,-1_says_germany_rights_president,2026-02-03
ECHR Finds Russia’s 2021 Arrest of Alexei Navalny Illegal,2026-02-03 15:29:55.000000,2,2_russia_ukraine_russian_moscow,2026-02-03
Police in Bashkortostan Arrest Teenager Who Shot Teacher and Classmates With Airsoft Gun,2026-02-03 14:42:00.000000,8,8_school_dead_10 dead_canada,2026-02-03
Moscow Warns of ‘Dangerous’ Moment Ahead of New START Expiration,2026-02-03 14:07:00.000000,7,7_europe_treaty_macron_kremlin,2026-02-03
Russia and Myanmar Sign Military Cooperation Agreement,2026-02-03 13:36:31.000000,7,7_europe_treaty_macron_kremlin,2026-02-03
"No Word on India Stopping Oil Purchases, Kremlin Says",2026-02-03 11:23:35.000000,-1,-1_says_germany_rights_president,2026-02-03
Palestinians Stream Back to Northern Gaza on Foot,2025-01-27 19:23:00.000000,4,4_gaza_israeli_iran_netanyahu,2025-01-27
"Leading China Property Developer Reports Huge loss, in Sign of Widening Real-Estate Woes",2025-01-27 17:32:00.000000,0,0_china_ai_chinas_win,2025-01-27
Freed Israeli Hostages Still Had Shrapnel in Their Bodies From Oct. 7 Attack,2025-01-27 17:12:00.000000,4,4_gaza_israeli_iran_netanyahu,2025-01-27
Suspected Sabotage of Deep-Sea Cable Triggers First NATO-Led Response,2025-01-27 16:22:00.000000,-1,-1_says_germany_rights_president,2025-01-27
Rwanda-Backed Rebels Enter Congo's Safe-Haven City,2025-01-27 15:07:00.000000,3,3_newsletter_war room_room_news24,2025-01-27
Cocaine-Funded Gangs Shake Colombia Years After Peace Pact,2025-01-27 12:00:00.000000,6,6_mexico_trump_cuba_oil,2025-01-27
"Italy Supports Saudi Arabia Joining Fighter-Jet Program, PM Meloni Says",2025-01-27 10:34:00.000000,-1,-1_says_germany_rights_president,2025-01-27
Shippers Wary of Red Sea Routes Despite Houthi Pledge to End Targeting,2025-01-27 06:05:00.000000,-1,-1_says_germany_rights_president,2025-01-27
Kim Jong Un Is Doing Everything He Can to Keep North Korea's Youth in Line,2025-01-27 06:05:00.000000,0,0_china_ai_chinas_win,2025-01-27
"Trump Says Colombia Will Accept Deportees, Ending Tariff Standoff",2025-01-27 03:59:00.000000,6,6_mexico_trump_cuba_oil,2025-01-27
Jeju Air Crash Probe Focuses On Engine Damage After Bird Strike,2025-01-27 03:53:00.000000,-1,-1_says_germany_rights_president,2025-01-27
"Germany's Economic Model Is Broken, and No One Has a Plan B",2025-01-27 02:00:00.000000,-1,-1_says_germany_rights_president,2025-01-27
"Trump Says He Wants to 'Clean Out' Gaza, Send Refugees to Egypt and Jordan",2025-01-26 23:30:00.000000,4,4_gaza_israeli_iran_netanyahu,2025-01-26
Hamas Releases Four Female Israeli Soldiers Under Gaza Cease-Fire Deal,2025-01-25 18:45:00.000000,4,4_gaza_israeli_iran_netanyahu,2025-01-25
Hamas Took More Than 200 Hostages From Israel. Here's What We Know.,2025-01-25 17:00:00.000000,4,4_gaza_israeli_iran_netanyahu,2025-01-25
U.N. and Congolese Troops Struggle to Halt Lightning Rebel Attack,2025-01-25 14:32:00.000000,-1,-1_says_germany_rights_president,2025-01-25
Who Are the Israeli Hostages Released by Hamas?,2025-01-25 11:57:00.000000,4,4_gaza_israeli_iran_netanyahu,2025-01-25
The Latest Gaza Hostages Freed: Women Whose Hamas Warnings Were Ignored,2025-01-25 10:05:00.000000,4,4_gaza_israeli_iran_netanyahu,2025-01-25
"Beijing Signals Readiness to Talk to Trump's Team, Even Old Foes",2025-01-25 00:58:00.000000,0,0_china_ai_chinas_win,2025-01-25
"Canada Is Becoming a Fentanyl Exporter, and a Target for Trump",2025-01-24 22:56:00.000000,12,12_trump_trumps_uscanada_trade,2025-01-24
"News24 | DA to take Joburg Water, City to court over water crisis",2026-02-11 10:49:39.870986,3,3_newsletter_war room_room_news24,2026-02-11
News24 | Absa names M-PESA exec as its new head of personal and private banking,2026-02-11 10:49:39.870991,-1,-1_says_germany_rights_president,2026-02-11
News24 | These tear-and-share steak fajitas are made for a Valentine’s night in,2026-02-11 10:49:39.870994,-1,-1_says_germany_rights_president,2026-02-11
News24 | WATCH | Meet the teacher winning global accolades from her Hanover Park classroom,2026-02-11 10:49:39.870996,-1,-1_says_germany_rights_president,2026-02-11
News24 | ‘What do we want? Water!’: Joburg residents take to the streets over dry taps,2026-02-11 10:49:39.870998,3,3_newsletter_war room_room_news24,2026-02-11
News24 | amaBhungane | The sobering data from inside Eskom,2026-02-11 10:49:39.871000,3,3_newsletter_war room_room_news24,2026-02-11
News24 | King Charles voices ‘concern’ as police probe ex-prince Andrew over Epstein,2026-02-11 10:49:39.871002,9,9_epstein_epstein files_tell_files,2026-02-11
News24 | PODCAST | Listen Up! The great national service debate,2026-02-11 10:49:39.871004,3,3_newsletter_war room_room_news24,2026-02-11
News24 | PODCAST | The Lead: Johannesburg Water strike called off but supply crisis deepens,2026-02-11 10:49:39.871006,3,3_newsletter_war room_room_news24,2026-02-11
News24 | Zimbabwe cabinet backs constitutional overhaul critics call bid to extend Mnangagwa’s rule,2026-02-11 10:49:39.871009,11,11_bangladesh_election_bangladesh election_stake,2026-02-11
News24 | Girl power on the global stage: Two SA pupils win bronze at science fair in Taiwan,2026-02-11 10:49:39.871011,0,0_china_ai_chinas_win,2026-02-11
"News24 | Trump demands ‘fairness and respect that we deserve’, threatens to block US-Canada bridge",2026-02-11 10:49:39.871013,12,12_trump_trumps_uscanada_trade,2026-02-11
News24 | Who are SA’s best fund managers? Find out soon,2026-02-11 10:49:39.871015,3,3_newsletter_war room_room_news24,2026-02-11
News24 | Migrants from Africa brave deadly Canary Islands crossing,2026-02-11 10:49:39.871017,3,3_newsletter_war room_room_news24,2026-02-11
